product_id,name,price,remain_num,school_id,lng,lat,address
2304,山果儿和纸胶带-蓝色,790,40,1,113.608991,34.75384,中原路与秦岭路交汇处西北角3楼（万仕达商务楼）
2069,山果儿书立,1500,11,1,113.608991,34.75384,中原路与秦岭路交汇处西北角3楼（万仕达商务楼）
2588,山果儿便携随身本-语文好句本,890,94,1,113.608991,34.75384,中原路与秦岭路交汇处西北角3楼（万仕达商务楼）
1837,山果儿学习笔袋（颜色随机）,3800,5,1,113.608991,34.75384,中原路与秦岭路交汇处西北角3楼（万仕达商务楼）
4141,山果儿挂钟,5900,2,1,113.608991,34.75384,中原路与秦岭路交汇处西北角3楼（万仕达商务楼）
568,山果儿卡套,1990,24,1,113.608991,34.75384,中原路与秦岭路交汇处西北角3楼（万仕达商务楼）
2146,山果儿和纸胶带-橙色,790,40,1,113.608991,34.75384,中原路与秦岭路交汇处西北角3楼（万仕达商务楼）
99,山果儿书包（颜色随机）,8900,4,1,113.608991,34.75384,中原路与秦岭路交汇处西北角3楼（万仕达商务楼）
2667,山果儿折叠款便签本,890,3,1,113.608991,34.75384,中原路与秦岭路交汇处西北角3楼（万仕达商务楼）
2430,山果儿便携随身本-数学公式本,890,94,1,113.608991,34.75384,中原路与秦岭路交汇处西北角3楼（万仕达商务楼）
645,山果儿卡通钥匙串（颜色随机）,1080,83,1,113.608991,34.75384,中原路与秦岭路交汇处西北角3楼（万仕达商务楼）
929,山果儿徽章,590,94,1,113.608991,34.75384,中原路与秦岭路交汇处西北角3楼（万仕达商务楼）
3489,山果儿文件袋（颜色随机）,390,5,1,113.608991,34.75384,中原路与秦岭路交汇处西北角3楼（万仕达商务楼）
2225,山果儿和纸胶带-黄色,790,40,1,113.608991,34.75384,中原路与秦岭路交汇处西北角3楼（万仕达商务楼）
1714,山果儿趣味卡通U盘（颜色随机）,3990,15,1,113.608991,34.75384,中原路与秦岭路交汇处西北角3楼（万仕达商务楼）
3252,山果儿工业风书皮（颜色随机）,380,14,1,113.608991,34.75384,中原路与秦岭路交汇处西北角3楼（万仕达商务楼）
2756,学生作业本（款式随机）,640,13,1,113.608991,34.75384,中原路与秦岭路交汇处西北角3楼（万仕达商务楼）
1990,三色双线马克笔,1690,20,1,113.608991,34.75384,中原路与秦岭路交汇处西北角3楼（万仕达商务楼）
968,山果儿啦啦棒（颜色随机）,280,19,1,113.608991,34.75384,中原路与秦岭路交汇处西北角3楼（万仕达商务楼）
2509,山果儿便携随身本-英语单词本,890,94,1,113.608991,34.75384,中原路与秦岭路交汇处西北角3楼（万仕达商务楼）
2336,山果儿和纸胶带-蓝色,790,40,2,113.8368,34.53755,桐柏路航海路交叉口北50米路东启福国际1号楼3楼
2093,山果儿书立,1500,11,2,113.8368,34.53755,桐柏路航海路交叉口北50米路东启福国际1号楼3楼
2611,山果儿折叠款便签本,890,3,2,113.8368,34.53755,桐柏路航海路交叉口北50米路东启福国际1号楼3楼
1862,山果儿学习笔袋（颜色随机）,3800,5,2,113.8368,34.53755,桐柏路航海路交叉口北50米路东启福国际1号楼3楼
2374,山果儿便携随身本-数学公式本,890,94,2,113.8368,34.53755,桐柏路航海路交叉口北50米路东启福国际1号楼3楼
4170,山果儿挂钟,5900,2,2,113.8368,34.53755,桐柏路航海路交叉口北50米路东启福国际1号楼3楼
592,山果儿卡套,1990,24,2,113.8368,34.53755,桐柏路航海路交叉口北50米路东启福国际1号楼3楼
873,山果儿徽章,590,94,2,113.8368,34.53755,桐柏路航海路交叉口北50米路东启福国际1号楼3楼
124,山果儿书包（颜色随机）,8900,4,2,113.8368,34.53755,桐柏路航海路交叉口北50米路东启福国际1号楼3楼
2178,山果儿和纸胶带-橙色,790,40,2,113.8368,34.53755,桐柏路航海路交叉口北50米路东启福国际1号楼3楼
2702,学生作业本（款式随机）,640,13,2,113.8368,34.53755,桐柏路航海路交叉口北50米路东启福国际1号楼3楼
2453,山果儿便携随身本-英语单词本,890,94,2,113.8368,34.53755,桐柏路航海路交叉口北50米路东启福国际1号楼3楼
677,山果儿卡通钥匙串（颜色随机）,1080,83,2,113.8368,34.53755,桐柏路航海路交叉口北50米路东启福国际1号楼3楼
3521,山果儿文件袋（颜色随机）,390,5,2,113.8368,34.53755,桐柏路航海路交叉口北50米路东启福国际1号楼3楼
1740,山果儿趣味卡通U盘（颜色随机）,3990,15,2,113.8368,34.53755,桐柏路航海路交叉口北50米路东启福国际1号楼3楼
2257,山果儿和纸胶带-黄色,790,40,2,113.8368,34.53755,桐柏路航海路交叉口北50米路东启福国际1号楼3楼
3284,山果儿工业风书皮（颜色随机）,380,14,2,113.8368,34.53755,桐柏路航海路交叉口北50米路东启福国际1号楼3楼
2014,三色双线马克笔,1690,20,2,113.8368,34.53755,桐柏路航海路交叉口北50米路东启福国际1号楼3楼
2532,山果儿便携随身本-语文好句本,890,94,2,113.8368,34.53755,桐柏路航海路交叉口北50米路东启福国际1号楼3楼
997,山果儿啦啦棒（颜色随机）,280,19,2,113.8368,34.53755,桐柏路航海路交叉口北50米路东启福国际1号楼3楼
2306,山果儿和纸胶带-蓝色,790,40,3,113.618617,34.777372,西站路与冉屯东路交叉口向北200米（风和日丽西门）
4120,山果儿挂钟,5900,2,3,113.618617,34.777372,西站路与冉屯东路交叉口向北200米（风和日丽西门）
2092,山果儿书立,1500,11,3,113.618617,34.777372,西站路与冉屯东路交叉口向北200米（风和日丽西门）
2636,山果儿折叠款便签本,890,3,3,113.618617,34.777372,西站路与冉屯东路交叉口向北200米（风和日丽西门）
591,山果儿卡套,1990,24,3,113.618617,34.777372,西站路与冉屯东路交叉口向北200米（风和日丽西门）
1886,山果儿学习笔袋（颜色随机）,3800,5,3,113.618617,34.777372,西站路与冉屯东路交叉口向北200米（风和日丽西门）
2399,山果儿便携随身本-数学公式本,890,94,3,113.618617,34.777372,西站路与冉屯东路交叉口向北200米（风和日丽西门）
2148,山果儿和纸胶带-橙色,790,40,3,113.618617,34.777372,西站路与冉屯东路交叉口向北200米（风和日丽西门）
1662,山果儿趣味卡通U盘（颜色随机）,3990,15,3,113.618617,34.777372,西站路与冉屯东路交叉口向北200米（风和日丽西门）
898,山果儿徽章,590,94,3,113.618617,34.777372,西站路与冉屯东路交叉口向北200米（风和日丽西门）
647,山果儿卡通钥匙串（颜色随机）,1080,83,3,113.618617,34.777372,西站路与冉屯东路交叉口向北200米（风和日丽西门）
148,山果儿书包（颜色随机）,8900,4,3,113.618617,34.777372,西站路与冉屯东路交叉口向北200米（风和日丽西门）
3491,山果儿文件袋（颜色随机）,390,5,3,113.618617,34.777372,西站路与冉屯东路交叉口向北200米（风和日丽西门）
2478,山果儿便携随身本-英语单词本,890,94,3,113.618617,34.777372,西站路与冉屯东路交叉口向北200米（风和日丽西门）
2227,山果儿和纸胶带-黄色,790,40,3,113.618617,34.777372,西站路与冉屯东路交叉口向北200米（风和日丽西门）
2740,学生作业本（款式随机）,640,13,3,113.618617,34.777372,西站路与冉屯东路交叉口向北200米（风和日丽西门）
3254,山果儿工业风书皮（颜色随机）,380,14,3,113.618617,34.777372,西站路与冉屯东路交叉口向北200米（风和日丽西门）
2013,三色双线马克笔,1690,20,3,113.618617,34.777372,西站路与冉屯东路交叉口向北200米（风和日丽西门）
2557,山果儿便携随身本-语文好句本,890,94,3,113.618617,34.777372,西站路与冉屯东路交叉口向北200米（风和日丽西门）
1022,山果儿啦啦棒（颜色随机）,280,19,3,113.618617,34.777372,西站路与冉屯东路交叉口向北200米（风和日丽西门）
2334,山果儿和纸胶带-蓝色,790,40,4,113.597897,34.737819,汝河路与昆仑路交叉口（华山路小学）向西200米路南
2597,山果儿便携随身本-语文好句本,890,94,4,113.597897,34.737819,汝河路与昆仑路交叉口（华山路小学）向西200米路南
2090,山果儿书立,1500,11,4,113.597897,34.737819,汝河路与昆仑路交叉口（华山路小学）向西200米路南
1844,山果儿学习笔袋（颜色随机）,3800,5,4,113.597897,34.737819,汝河路与昆仑路交叉口（华山路小学）向西200米路南
589,山果儿卡套,1990,24,4,113.597897,34.737819,汝河路与昆仑路交叉口（华山路小学）向西200米路南
4173,山果儿挂钟,5900,2,4,113.597897,34.737819,汝河路与昆仑路交叉口（华山路小学）向西200米路南
106,山果儿书包（颜色随机）,8900,4,4,113.597897,34.737819,汝河路与昆仑路交叉口（华山路小学）向西200米路南
2676,山果儿折叠款便签本,890,3,4,113.597897,34.737819,汝河路与昆仑路交叉口（华山路小学）向西200米路南
2176,山果儿和纸胶带-橙色,790,40,4,113.597897,34.737819,汝河路与昆仑路交叉口（华山路小学）向西200米路南
2439,山果儿便携随身本-数学公式本,890,94,4,113.597897,34.737819,汝河路与昆仑路交叉口（华山路小学）向西200米路南
2699,学生作业本（款式随机）,640,13,4,113.597897,34.737819,汝河路与昆仑路交叉口（华山路小学）向西200米路南
675,山果儿卡通钥匙串（颜色随机）,1080,83,4,113.597897,34.737819,汝河路与昆仑路交叉口（华山路小学）向西200米路南
938,山果儿徽章,590,94,4,113.597897,34.737819,汝河路与昆仑路交叉口（华山路小学）向西200米路南
3519,山果儿文件袋（颜色随机）,390,5,4,113.597897,34.737819,汝河路与昆仑路交叉口（华山路小学）向西200米路南
1737,山果儿趣味卡通U盘（颜色随机）,3990,15,4,113.597897,34.737819,汝河路与昆仑路交叉口（华山路小学）向西200米路南
2255,山果儿和纸胶带-黄色,790,40,4,113.597897,34.737819,汝河路与昆仑路交叉口（华山路小学）向西200米路南
3282,山果儿工业风书皮（颜色随机）,380,14,4,113.597897,34.737819,汝河路与昆仑路交叉口（华山路小学）向西200米路南
2518,山果儿便携随身本-英语单词本,890,94,4,113.597897,34.737819,汝河路与昆仑路交叉口（华山路小学）向西200米路南
2011,三色双线马克笔,1690,20,4,113.597897,34.737819,汝河路与昆仑路交叉口（华山路小学）向西200米路南
993,山果儿啦啦棒（颜色随机）,280,19,4,113.597897,34.737819,汝河路与昆仑路交叉口（华山路小学）向西200米路南
4113,山果儿挂钟,5900,2,5,113.574854,34.804322,瑞达路合欢街交叉口西南角（浦发银行瑞达路支行西20米）
2583,山果儿便携随身本-语文好句本,890,94,5,113.574854,34.804322,瑞达路合欢街交叉口西南角（浦发银行瑞达路支行西20米）
2335,山果儿和纸胶带-蓝色,790,40,5,113.574854,34.804322,瑞达路合欢街交叉口西南角（浦发银行瑞达路支行西20米）
2115,山果儿书立,1500,11,5,113.574854,34.804322,瑞达路合欢街交叉口西南角（浦发银行瑞达路支行西20米）
1889,山果儿学习笔袋（颜色随机）,3800,5,5,113.574854,34.804322,瑞达路合欢街交叉口西南角（浦发银行瑞达路支行西20米）
614,山果儿卡套,1990,24,5,113.574854,34.804322,瑞达路合欢街交叉口西南角（浦发银行瑞达路支行西20米）
2662,山果儿折叠款便签本,890,3,5,113.574854,34.804322,瑞达路合欢街交叉口西南角（浦发银行瑞达路支行西20米）
2425,山果儿便携随身本-数学公式本,890,94,5,113.574854,34.804322,瑞达路合欢街交叉口西南角（浦发银行瑞达路支行西20米）
1663,山果儿趣味卡通U盘（颜色随机）,3990,15,5,113.574854,34.804322,瑞达路合欢街交叉口西南角（浦发银行瑞达路支行西20米）
2177,山果儿和纸胶带-橙色,790,40,5,113.574854,34.804322,瑞达路合欢街交叉口西南角（浦发银行瑞达路支行西20米）
151,山果儿书包（颜色随机）,8900,4,5,113.574854,34.804322,瑞达路合欢街交叉口西南角（浦发银行瑞达路支行西20米）
924,山果儿徽章,590,94,5,113.574854,34.804322,瑞达路合欢街交叉口西南角（浦发银行瑞达路支行西20米）
676,山果儿卡通钥匙串（颜色随机）,1080,83,5,113.574854,34.804322,瑞达路合欢街交叉口西南角（浦发银行瑞达路支行西20米）
2733,学生作业本（款式随机）,640,13,5,113.574854,34.804322,瑞达路合欢街交叉口西南角（浦发银行瑞达路支行西20米）
3520,山果儿文件袋（颜色随机）,390,5,5,113.574854,34.804322,瑞达路合欢街交叉口西南角（浦发银行瑞达路支行西20米）
2504,山果儿便携随身本-英语单词本,890,94,5,113.574854,34.804322,瑞达路合欢街交叉口西南角（浦发银行瑞达路支行西20米）
2256,山果儿和纸胶带-黄色,790,40,5,113.574854,34.804322,瑞达路合欢街交叉口西南角（浦发银行瑞达路支行西20米）
3283,山果儿工业风书皮（颜色随机）,380,14,5,113.574854,34.804322,瑞达路合欢街交叉口西南角（浦发银行瑞达路支行西20米）
1011,山果儿啦啦棒（颜色随机）,280,19,5,113.574854,34.804322,瑞达路合欢街交叉口西南角（浦发银行瑞达路支行西20米）
2036,三色双线马克笔,1690,20,5,113.574854,34.804322,瑞达路合欢街交叉口西南角（浦发银行瑞达路支行西20米）
2337,山果儿和纸胶带-蓝色,790,40,6,113.562872,34.828175,高新区银屏路迎春街交叉口东南角大山外语（金麒麟酒店南20米）
2596,山果儿便携随身本-语文好句本,890,94,6,113.562872,34.828175,高新区银屏路迎春街交叉口东南角大山外语（金麒麟酒店南20米）
1851,山果儿学习笔袋（颜色随机）,3800,5,6,113.562872,34.828175,高新区银屏路迎春街交叉口东南角大山外语（金麒麟酒店南20米）
2118,山果儿书立,1500,11,6,113.562872,34.828175,高新区银屏路迎春街交叉口东南角大山外语（金麒麟酒店南20米）
4171,山果儿挂钟,5900,2,6,113.562872,34.828175,高新区银屏路迎春街交叉口东南角大山外语（金麒麟酒店南20米）
617,山果儿卡套,1990,24,6,113.562872,34.828175,高新区银屏路迎春街交叉口东南角大山外语（金麒麟酒店南20米）
113,山果儿书包（颜色随机）,8900,4,6,113.562872,34.828175,高新区银屏路迎春街交叉口东南角大山外语（金麒麟酒店南20米）
2675,山果儿折叠款便签本,890,3,6,113.562872,34.828175,高新区银屏路迎春街交叉口东南角大山外语（金麒麟酒店南20米）
2179,山果儿和纸胶带-橙色,790,40,6,113.562872,34.828175,高新区银屏路迎春街交叉口东南角大山外语（金麒麟酒店南20米）
2438,山果儿便携随身本-数学公式本,890,94,6,113.562872,34.828175,高新区银屏路迎春街交叉口东南角大山外语（金麒麟酒店南20米）
2708,学生作业本（款式随机）,640,13,6,113.562872,34.828175,高新区银屏路迎春街交叉口东南角大山外语（金麒麟酒店南20米）
678,山果儿卡通钥匙串（颜色随机）,1080,83,6,113.562872,34.828175,高新区银屏路迎春街交叉口东南角大山外语（金麒麟酒店南20米）
937,山果儿徽章,590,94,6,113.562872,34.828175,高新区银屏路迎春街交叉口东南角大山外语（金麒麟酒店南20米）
1722,山果儿趣味卡通U盘（颜色随机）,3990,15,6,113.562872,34.828175,高新区银屏路迎春街交叉口东南角大山外语（金麒麟酒店南20米）
3522,山果儿文件袋（颜色随机）,390,5,6,113.562872,34.828175,高新区银屏路迎春街交叉口东南角大山外语（金麒麟酒店南20米）
2258,山果儿和纸胶带-黄色,790,40,6,113.562872,34.828175,高新区银屏路迎春街交叉口东南角大山外语（金麒麟酒店南20米）
2517,山果儿便携随身本-英语单词本,890,94,6,113.562872,34.828175,高新区银屏路迎春街交叉口东南角大山外语（金麒麟酒店南20米）
3285,山果儿工业风书皮（颜色随机）,380,14,6,113.562872,34.828175,高新区银屏路迎春街交叉口东南角大山外语（金麒麟酒店南20米）
994,山果儿啦啦棒（颜色随机）,280,19,6,113.562872,34.828175,高新区银屏路迎春街交叉口东南角大山外语（金麒麟酒店南20米）
2039,三色双线马克笔,1690,20,6,113.562872,34.828175,高新区银屏路迎春街交叉口东南角大山外语（金麒麟酒店南20米）
2050,三色双线马克笔,1690,20,7,113.536524,34.713478,马寨镇东方路与同兴街交叉口西南角（好又多超市对面）
2617,山果儿折叠款便签本,890,3,7,113.536524,34.713478,马寨镇东方路与同兴街交叉口西南角（好又多超市对面）
2366,山果儿和纸胶带-蓝色,790,40,7,113.536524,34.713478,马寨镇东方路与同兴街交叉口西南角（好又多超市对面）
1857,山果儿学习笔袋（颜色随机）,3800,5,7,113.536524,34.713478,马寨镇东方路与同兴街交叉口西南角（好又多超市对面）
4169,山果儿挂钟,5900,2,7,113.536524,34.713478,马寨镇东方路与同兴街交叉口西南角（好又多超市对面）
2380,山果儿便携随身本-数学公式本,890,94,7,113.536524,34.713478,马寨镇东方路与同兴街交叉口西南角（好又多超市对面）
2129,山果儿书立,1500,11,7,113.536524,34.713478,马寨镇东方路与同兴街交叉口西南角（好又多超市对面）
879,山果儿徽章,590,94,7,113.536524,34.713478,马寨镇东方路与同兴街交叉口西南角（好又多超市对面）
628,山果儿卡套,1990,24,7,113.536524,34.713478,马寨镇东方路与同兴街交叉口西南角（好又多超市对面）
119,山果儿书包（颜色随机）,8900,4,7,113.536524,34.713478,马寨镇东方路与同兴街交叉口西南角（好又多超市对面）
2703,学生作业本（款式随机）,640,13,7,113.536524,34.713478,马寨镇东方路与同兴街交叉口西南角（好又多超市对面）
2459,山果儿便携随身本-英语单词本,890,94,7,113.536524,34.713478,马寨镇东方路与同兴街交叉口西南角（好又多超市对面）
2208,山果儿和纸胶带-橙色,790,40,7,113.536524,34.713478,马寨镇东方路与同兴街交叉口西南角（好又多超市对面）
1706,山果儿趣味卡通U盘（颜色随机）,3990,15,7,113.536524,34.713478,马寨镇东方路与同兴街交叉口西南角（好又多超市对面）
707,山果儿卡通钥匙串（颜色随机）,1080,83,7,113.536524,34.713478,马寨镇东方路与同兴街交叉口西南角（好又多超市对面）
3551,山果儿文件袋（颜色随机）,390,5,7,113.536524,34.713478,马寨镇东方路与同兴街交叉口西南角（好又多超市对面）
996,山果儿啦啦棒（颜色随机）,280,19,7,113.536524,34.713478,马寨镇东方路与同兴街交叉口西南角（好又多超市对面）
2538,山果儿便携随身本-语文好句本,890,94,7,113.536524,34.713478,马寨镇东方路与同兴街交叉口西南角（好又多超市对面）
2287,山果儿和纸胶带-黄色,790,40,7,113.536524,34.713478,马寨镇东方路与同兴街交叉口西南角（好又多超市对面）
3314,山果儿工业风书皮（颜色随机）,380,14,7,113.536524,34.713478,马寨镇东方路与同兴街交叉口西南角（好又多超市对面）
2058,山果儿书立,1500,11,8,113.609884,34.79901,电厂路与漳河路交叉口向西100米华强城市广场一期三楼大山外语
2582,山果儿便携随身本-语文好句本,890,94,8,113.609884,34.79901,电厂路与漳河路交叉口向西100米华强城市广场一期三楼大山外语
1833,山果儿学习笔袋（颜色随机）,3800,5,8,113.609884,34.79901,电厂路与漳河路交叉口向西100米华强城市广场一期三楼大山外语
557,山果儿卡套,1990,24,8,113.609884,34.79901,电厂路与漳河路交叉口向西100米华强城市广场一期三楼大山外语
4176,山果儿挂钟,5900,2,8,113.609884,34.79901,电厂路与漳河路交叉口向西100米华强城市广场一期三楼大山外语
2136,山果儿和纸胶带-橙色,790,40,8,113.609884,34.79901,电厂路与漳河路交叉口向西100米华强城市广场一期三楼大山外语
95,山果儿书包（颜色随机）,8900,4,8,113.609884,34.79901,电厂路与漳河路交叉口向西100米华强城市广场一期三楼大山外语
2661,山果儿折叠款便签本,890,3,8,113.609884,34.79901,电厂路与漳河路交叉口向西100米华强城市广场一期三楼大山外语
2424,山果儿便携随身本-数学公式本,890,94,8,113.609884,34.79901,电厂路与漳河路交叉口向西100米华强城市广场一期三楼大山外语
635,山果儿卡通钥匙串（颜色随机）,1080,83,8,113.609884,34.79901,电厂路与漳河路交叉口向西100米华强城市广场一期三楼大山外语
3479,山果儿文件袋（颜色随机）,390,5,8,113.609884,34.79901,电厂路与漳河路交叉口向西100米华强城市广场一期三楼大山外语
923,山果儿徽章,590,94,8,113.609884,34.79901,电厂路与漳河路交叉口向西100米华强城市广场一期三楼大山外语
2715,学生作业本（款式随机）,640,13,8,113.609884,34.79901,电厂路与漳河路交叉口向西100米华强城市广场一期三楼大山外语
2215,山果儿和纸胶带-黄色,790,40,8,113.609884,34.79901,电厂路与漳河路交叉口向西100米华强城市广场一期三楼大山外语
3242,山果儿工业风书皮（颜色随机）,380,14,8,113.609884,34.79901,电厂路与漳河路交叉口向西100米华强城市广场一期三楼大山外语
1711,山果儿趣味卡通U盘（颜色随机）,3990,15,8,113.609884,34.79901,电厂路与漳河路交叉口向西100米华强城市广场一期三楼大山外语
952,山果儿啦啦棒（颜色随机）,280,19,8,113.609884,34.79901,电厂路与漳河路交叉口向西100米华强城市广场一期三楼大山外语
1979,三色双线马克笔,1690,20,8,113.609884,34.79901,电厂路与漳河路交叉口向西100米华强城市广场一期三楼大山外语
2503,山果儿便携随身本-英语单词本,890,94,8,113.609884,34.79901,电厂路与漳河路交叉口向西100米华强城市广场一期三楼大山外语
2294,山果儿和纸胶带-蓝色,790,40,8,113.609884,34.79901,电厂路与漳河路交叉口向西100米华强城市广场一期三楼大山外语
1027,山果儿啦啦棒（颜色随机）,280,19,10,113.689773,34.792672,花园路黄河路交叉口东北角（民生银行4楼）
2316,山果儿和纸胶带-蓝色,790,40,10,113.689773,34.792672,花园路黄河路交叉口东北角（民生银行4楼）
2584,山果儿便携随身本-语文好句本,890,94,10,113.689773,34.792672,花园路黄河路交叉口东北角（民生银行4楼）
4123,山果儿挂钟,5900,2,10,113.689773,34.792672,花园路黄河路交叉口东北角（民生银行4楼）
2094,山果儿书立,1500,11,10,113.689773,34.792672,花园路黄河路交叉口东北角（民生银行4楼）
593,山果儿卡套,1990,24,10,113.689773,34.792672,花园路黄河路交叉口东北角（民生银行4楼）
1890,山果儿学习笔袋（颜色随机）,3800,5,10,113.689773,34.792672,花园路黄河路交叉口东北角（民生银行4楼）
2663,山果儿折叠款便签本,890,3,10,113.689773,34.792672,花园路黄河路交叉口东北角（民生银行4楼）
2158,山果儿和纸胶带-橙色,790,40,10,113.689773,34.792672,花园路黄河路交叉口东北角（民生银行4楼）
2426,山果儿便携随身本-数学公式本,890,94,10,113.689773,34.792672,花园路黄河路交叉口东北角（民生银行4楼）
657,山果儿卡通钥匙串（颜色随机）,1080,83,10,113.689773,34.792672,花园路黄河路交叉口东北角（民生银行4楼）
152,山果儿书包（颜色随机）,8900,4,10,113.689773,34.792672,花园路黄河路交叉口东北角（民生银行4楼）
1689,山果儿趣味卡通U盘（颜色随机）,3990,15,10,113.689773,34.792672,花园路黄河路交叉口东北角（民生银行4楼）
925,山果儿徽章,590,94,10,113.689773,34.792672,花园路黄河路交叉口东北角（民生银行4楼）
3501,山果儿文件袋（颜色随机）,390,5,10,113.689773,34.792672,花园路黄河路交叉口东北角（民生银行4楼）
2746,学生作业本（款式随机）,640,13,10,113.689773,34.792672,花园路黄河路交叉口东北角（民生银行4楼）
2237,山果儿和纸胶带-黄色,790,40,10,113.689773,34.792672,花园路黄河路交叉口东北角（民生银行4楼）
3264,山果儿工业风书皮（颜色随机）,380,14,10,113.689773,34.792672,花园路黄河路交叉口东北角（民生银行4楼）
2505,山果儿便携随身本-英语单词本,890,94,10,113.689773,34.792672,花园路黄河路交叉口东北角（民生银行4楼）
2015,三色双线马克笔,1690,20,10,113.689773,34.792672,花园路黄河路交叉口东北角（民生银行4楼）
2341,山果儿和纸胶带-蓝色,790,40,11,113.74754,34.722824,经南三路与第一大街交叉口东南角（伟业地产）
2598,山果儿便携随身本-语文好句本,890,94,11,113.74754,34.722824,经南三路与第一大街交叉口东南角（伟业地产）
1848,山果儿学习笔袋（颜色随机）,3800,5,11,113.74754,34.722824,经南三路与第一大街交叉口东南角（伟业地产）
2116,山果儿书立,1500,11,11,113.74754,34.722824,经南三路与第一大街交叉口东南角（伟业地产）
4172,山果儿挂钟,5900,2,11,113.74754,34.722824,经南三路与第一大街交叉口东南角（伟业地产）
615,山果儿卡套,1990,24,11,113.74754,34.722824,经南三路与第一大街交叉口东南角（伟业地产）
110,山果儿书包（颜色随机）,8900,4,11,113.74754,34.722824,经南三路与第一大街交叉口东南角（伟业地产）
2677,山果儿折叠款便签本,890,3,11,113.74754,34.722824,经南三路与第一大街交叉口东南角（伟业地产）
2183,山果儿和纸胶带-橙色,790,40,11,113.74754,34.722824,经南三路与第一大街交叉口东南角（伟业地产）
2440,山果儿便携随身本-数学公式本,890,94,11,113.74754,34.722824,经南三路与第一大街交叉口东南角（伟业地产）
2705,学生作业本（款式随机）,640,13,11,113.74754,34.722824,经南三路与第一大街交叉口东南角（伟业地产）
682,山果儿卡通钥匙串（颜色随机）,1080,83,11,113.74754,34.722824,经南三路与第一大街交叉口东南角（伟业地产）
939,山果儿徽章,590,94,11,113.74754,34.722824,经南三路与第一大街交叉口东南角（伟业地产）
1724,山果儿趣味卡通U盘（颜色随机）,3990,15,11,113.74754,34.722824,经南三路与第一大街交叉口东南角（伟业地产）
3526,山果儿文件袋（颜色随机）,390,5,11,113.74754,34.722824,经南三路与第一大街交叉口东南角（伟业地产）
2262,山果儿和纸胶带-黄色,790,40,11,113.74754,34.722824,经南三路与第一大街交叉口东南角（伟业地产）
2519,山果儿便携随身本-英语单词本,890,94,11,113.74754,34.722824,经南三路与第一大街交叉口东南角（伟业地产）
3289,山果儿工业风书皮（颜色随机）,380,14,11,113.74754,34.722824,经南三路与第一大街交叉口东南角（伟业地产）
998,山果儿啦啦棒（颜色随机）,280,19,11,113.74754,34.722824,经南三路与第一大街交叉口东南角（伟业地产）
2037,三色双线马克笔,1690,20,11,113.74754,34.722824,经南三路与第一大街交叉口东南角（伟业地产）
2068,山果儿书立,1500,11,12,113.745577,34.758298,聚源路宏图街交叉口西南角（鼎天东尚营销中心）
2332,山果儿和纸胶带-蓝色,790,40,12,113.745577,34.758298,聚源路宏图街交叉口西南角（鼎天东尚营销中心）
2614,山果儿折叠款便签本,890,3,12,113.745577,34.758298,聚源路宏图街交叉口西南角（鼎天东尚营销中心）
567,山果儿卡套,1990,24,12,113.745577,34.758298,聚源路宏图街交叉口西南角（鼎天东尚营销中心）
4153,山果儿挂钟,5900,2,12,113.745577,34.758298,聚源路宏图街交叉口西南角（鼎天东尚营销中心）
2377,山果儿便携随身本-数学公式本,890,94,12,113.745577,34.758298,聚源路宏图街交叉口西南角（鼎天东尚营销中心）
1877,山果儿学习笔袋（颜色随机）,3800,5,12,113.745577,34.758298,聚源路宏图街交叉口西南角（鼎天东尚营销中心）
876,山果儿徽章,590,94,12,113.745577,34.758298,聚源路宏图街交叉口西南角（鼎天东尚营销中心）
2174,山果儿和纸胶带-橙色,790,40,12,113.745577,34.758298,聚源路宏图街交叉口西南角（鼎天东尚营销中心）
2697,学生作业本（款式随机）,640,13,12,113.745577,34.758298,聚源路宏图街交叉口西南角（鼎天东尚营销中心）
139,山果儿书包（颜色随机）,8900,4,12,113.745577,34.758298,聚源路宏图街交叉口西南角（鼎天东尚营销中心）
2456,山果儿便携随身本-英语单词本,890,94,12,113.745577,34.758298,聚源路宏图街交叉口西南角（鼎天东尚营销中心）
672,山果儿卡通钥匙串（颜色随机）,1080,83,12,113.745577,34.758298,聚源路宏图街交叉口西南角（鼎天东尚营销中心）
1697,山果儿趣味卡通U盘（颜色随机）,3990,15,12,113.745577,34.758298,聚源路宏图街交叉口西南角（鼎天东尚营销中心）
3517,山果儿文件袋（颜色随机）,390,5,12,113.745577,34.758298,聚源路宏图街交叉口西南角（鼎天东尚营销中心）
1989,三色双线马克笔,1690,20,12,113.745577,34.758298,聚源路宏图街交叉口西南角（鼎天东尚营销中心）
2253,山果儿和纸胶带-黄色,790,40,12,113.745577,34.758298,聚源路宏图街交叉口西南角（鼎天东尚营销中心）
3280,山果儿工业风书皮（颜色随机）,380,14,12,113.745577,34.758298,聚源路宏图街交叉口西南角（鼎天东尚营销中心）
2535,山果儿便携随身本-语文好句本,890,94,12,113.745577,34.758298,聚源路宏图街交叉口西南角（鼎天东尚营销中心）
1021,山果儿啦啦棒（颜色随机）,280,19,12,113.745577,34.758298,聚源路宏图街交叉口西南角（鼎天东尚营销中心）
2051,三色双线马克笔,1690,20,13,113.744423,34.788045,农业东路与九如路交汇处宝龙城市广场B区三楼
2604,山果儿便携随身本-语文好句本,890,94,13,113.744423,34.788045,农业东路与九如路交汇处宝龙城市广场B区三楼
2350,山果儿和纸胶带-蓝色,790,40,13,113.744423,34.788045,农业东路与九如路交汇处宝龙城市广场B区三楼
1841,山果儿学习笔袋（颜色随机）,3800,5,13,113.744423,34.788045,农业东路与九如路交汇处宝龙城市广场B区三楼
4148,山果儿挂钟,5900,2,13,113.744423,34.788045,农业东路与九如路交汇处宝龙城市广场B区三楼
2130,山果儿书立,1500,11,13,113.744423,34.788045,农业东路与九如路交汇处宝龙城市广场B区三楼
103,山果儿书包（颜色随机）,8900,4,13,113.744423,34.788045,农业东路与九如路交汇处宝龙城市广场B区三楼
629,山果儿卡套,1990,24,13,113.744423,34.788045,农业东路与九如路交汇处宝龙城市广场B区三楼
2683,山果儿折叠款便签本,890,3,13,113.744423,34.788045,农业东路与九如路交汇处宝龙城市广场B区三楼
2446,山果儿便携随身本-数学公式本,890,94,13,113.744423,34.788045,农业东路与九如路交汇处宝龙城市广场B区三楼
2192,山果儿和纸胶带-橙色,790,40,13,113.744423,34.788045,农业东路与九如路交汇处宝龙城市广场B区三楼
1703,山果儿趣味卡通U盘（颜色随机）,3990,15,13,113.744423,34.788045,农业东路与九如路交汇处宝龙城市广场B区三楼
945,山果儿徽章,590,94,13,113.744423,34.788045,农业东路与九如路交汇处宝龙城市广场B区三楼
691,山果儿卡通钥匙串（颜色随机）,1080,83,13,113.744423,34.788045,农业东路与九如路交汇处宝龙城市广场B区三楼
2762,学生作业本（款式随机）,640,13,13,113.744423,34.788045,农业东路与九如路交汇处宝龙城市广场B区三楼
975,山果儿啦啦棒（颜色随机）,280,19,13,113.744423,34.788045,农业东路与九如路交汇处宝龙城市广场B区三楼
3535,山果儿文件袋（颜色随机）,390,5,13,113.744423,34.788045,农业东路与九如路交汇处宝龙城市广场B区三楼
2525,山果儿便携随身本-英语单词本,890,94,13,113.744423,34.788045,农业东路与九如路交汇处宝龙城市广场B区三楼
2271,山果儿和纸胶带-黄色,790,40,13,113.744423,34.788045,农业东路与九如路交汇处宝龙城市广场B区三楼
3298,山果儿工业风书皮（颜色随机）,380,14,13,113.744423,34.788045,农业东路与九如路交汇处宝龙城市广场B区三楼
2565,山果儿便携随身本-语文好句本,890,94,14,113.767006,34.754872,康平路与福禄街交叉口西300米路南（旭日龙园北门）
4127,山果儿挂钟,5900,2,14,113.767006,34.754872,康平路与福禄街交叉口西300米路南（旭日龙园北门）
2100,山果儿书立,1500,11,14,113.767006,34.754872,康平路与福禄街交叉口西300米路南（旭日龙园北门）
2356,山果儿和纸胶带-蓝色,790,40,14,113.767006,34.754872,康平路与福禄街交叉口西300米路南（旭日龙园北门）
1856,山果儿学习笔袋（颜色随机）,3800,5,14,113.767006,34.754872,康平路与福禄街交叉口西300米路南（旭日龙园北门）
2644,山果儿折叠款便签本,890,3,14,113.767006,34.754872,康平路与福禄街交叉口西300米路南（旭日龙园北门）
599,山果儿卡套,1990,24,14,113.767006,34.754872,康平路与福禄街交叉口西300米路南（旭日龙园北门）
2407,山果儿便携随身本-数学公式本,890,94,14,113.767006,34.754872,康平路与福禄街交叉口西300米路南（旭日龙园北门）
118,山果儿书包（颜色随机）,8900,4,14,113.767006,34.754872,康平路与福禄街交叉口西300米路南（旭日龙园北门）
1673,山果儿趣味卡通U盘（颜色随机）,3990,15,14,113.767006,34.754872,康平路与福禄街交叉口西300米路南（旭日龙园北门）
906,山果儿徽章,590,94,14,113.767006,34.754872,康平路与福禄街交叉口西300米路南（旭日龙园北门）
2198,山果儿和纸胶带-橙色,790,40,14,113.767006,34.754872,康平路与福禄街交叉口西300米路南（旭日龙园北门）
2731,学生作业本（款式随机）,640,13,14,113.767006,34.754872,康平路与福禄街交叉口西300米路南（旭日龙园北门）
2486,山果儿便携随身本-英语单词本,890,94,14,113.767006,34.754872,康平路与福禄街交叉口西300米路南（旭日龙园北门）
697,山果儿卡通钥匙串（颜色随机）,1080,83,14,113.767006,34.754872,康平路与福禄街交叉口西300米路南（旭日龙园北门）
3541,山果儿文件袋（颜色随机）,390,5,14,113.767006,34.754872,康平路与福禄街交叉口西300米路南（旭日龙园北门）
995,山果儿啦啦棒（颜色随机）,280,19,14,113.767006,34.754872,康平路与福禄街交叉口西300米路南（旭日龙园北门）
2021,三色双线马克笔,1690,20,14,113.767006,34.754872,康平路与福禄街交叉口西300米路南（旭日龙园北门）
2277,山果儿和纸胶带-黄色,790,40,14,113.767006,34.754872,康平路与福禄街交叉口西300米路南（旭日龙园北门）
3304,山果儿工业风书皮（颜色随机）,380,14,14,113.767006,34.754872,康平路与福禄街交叉口西300米路南（旭日龙园北门）
2564,山果儿便携随身本-语文好句本,890,94,15,113.779231,34.788351,畅和街庙张街交叉口向北100米路西观屿国际东门路西大山外语
2087,山果儿书立,1500,11,15,113.779231,34.788351,畅和街庙张街交叉口向北100米路西观屿国际东门路西大山外语
2344,山果儿和纸胶带-蓝色,790,40,15,113.779231,34.788351,畅和街庙张街交叉口向北100米路西观屿国际东门路西大山外语
4161,山果儿挂钟,5900,2,15,113.779231,34.788351,畅和街庙张街交叉口向北100米路西观屿国际东门路西大山外语
586,山果儿卡套,1990,24,15,113.779231,34.788351,畅和街庙张街交叉口向北100米路西观屿国际东门路西大山外语
2643,山果儿折叠款便签本,890,3,15,113.779231,34.788351,畅和街庙张街交叉口向北100米路西观屿国际东门路西大山外语
1880,山果儿学习笔袋（颜色随机）,3800,5,15,113.779231,34.788351,畅和街庙张街交叉口向北100米路西观屿国际东门路西大山外语
2406,山果儿便携随身本-数学公式本,890,94,15,113.779231,34.788351,畅和街庙张街交叉口向北100米路西观屿国际东门路西大山外语
905,山果儿徽章,590,94,15,113.779231,34.788351,畅和街庙张街交叉口向北100米路西观屿国际东门路西大山外语
2186,山果儿和纸胶带-橙色,790,40,15,113.779231,34.788351,畅和街庙张街交叉口向北100米路西观屿国际东门路西大山外语
142,山果儿书包（颜色随机）,8900,4,15,113.779231,34.788351,畅和街庙张街交叉口向北100米路西观屿国际东门路西大山外语
2724,学生作业本（款式随机）,640,13,15,113.779231,34.788351,畅和街庙张街交叉口向北100米路西观屿国际东门路西大山外语
685,山果儿卡通钥匙串（颜色随机）,1080,83,15,113.779231,34.788351,畅和街庙张街交叉口向北100米路西观屿国际东门路西大山外语
1712,山果儿趣味卡通U盘（颜色随机）,3990,15,15,113.779231,34.788351,畅和街庙张街交叉口向北100米路西观屿国际东门路西大山外语
2485,山果儿便携随身本-英语单词本,890,94,15,113.779231,34.788351,畅和街庙张街交叉口向北100米路西观屿国际东门路西大山外语
3529,山果儿文件袋（颜色随机）,390,5,15,113.779231,34.788351,畅和街庙张街交叉口向北100米路西观屿国际东门路西大山外语
970,山果儿啦啦棒（颜色随机）,280,19,15,113.779231,34.788351,畅和街庙张街交叉口向北100米路西观屿国际东门路西大山外语
2008,三色双线马克笔,1690,20,15,113.779231,34.788351,畅和街庙张街交叉口向北100米路西观屿国际东门路西大山外语
2265,山果儿和纸胶带-黄色,790,40,15,113.779231,34.788351,畅和街庙张街交叉口向北100米路西观屿国际东门路西大山外语
3292,山果儿工业风书皮（颜色随机）,380,14,15,113.779231,34.788351,畅和街庙张街交叉口向北100米路西观屿国际东门路西大山外语
2590,山果儿便携随身本-语文好句本,890,94,16,113.776988,34.745686,普惠路与列里路交叉口东50米路南（郑东新区实验学校对面）
4126,山果儿挂钟,5900,2,16,113.776988,34.745686,普惠路与列里路交叉口东50米路南（郑东新区实验学校对面）
1850,山果儿学习笔袋（颜色随机）,3800,5,16,113.776988,34.745686,普惠路与列里路交叉口东50米路南（郑东新区实验学校对面）
2368,山果儿和纸胶带-蓝色,790,40,16,113.776988,34.745686,普惠路与列里路交叉口东50米路南（郑东新区实验学校对面）
2117,山果儿书立,1500,11,16,113.776988,34.745686,普惠路与列里路交叉口东50米路南（郑东新区实验学校对面）
616,山果儿卡套,1990,24,16,113.776988,34.745686,普惠路与列里路交叉口东50米路南（郑东新区实验学校对面）
2669,山果儿折叠款便签本,890,3,16,113.776988,34.745686,普惠路与列里路交叉口东50米路南（郑东新区实验学校对面）
112,山果儿书包（颜色随机）,8900,4,16,113.776988,34.745686,普惠路与列里路交叉口东50米路南（郑东新区实验学校对面）
2432,山果儿便携随身本-数学公式本,890,94,16,113.776988,34.745686,普惠路与列里路交叉口东50米路南（郑东新区实验学校对面）
1665,山果儿趣味卡通U盘（颜色随机）,3990,15,16,113.776988,34.745686,普惠路与列里路交叉口东50米路南（郑东新区实验学校对面）
2210,山果儿和纸胶带-橙色,790,40,16,113.776988,34.745686,普惠路与列里路交叉口东50米路南（郑东新区实验学校对面）
931,山果儿徽章,590,94,16,113.776988,34.745686,普惠路与列里路交叉口东50米路南（郑东新区实验学校对面）
2742,学生作业本（款式随机）,640,13,16,113.776988,34.745686,普惠路与列里路交叉口东50米路南（郑东新区实验学校对面）
709,山果儿卡通钥匙串（颜色随机）,1080,83,16,113.776988,34.745686,普惠路与列里路交叉口东50米路南（郑东新区实验学校对面）
2511,山果儿便携随身本-英语单词本,890,94,16,113.776988,34.745686,普惠路与列里路交叉口东50米路南（郑东新区实验学校对面）
988,山果儿啦啦棒（颜色随机）,280,19,16,113.776988,34.745686,普惠路与列里路交叉口东50米路南（郑东新区实验学校对面）
3553,山果儿文件袋（颜色随机）,390,5,16,113.776988,34.745686,普惠路与列里路交叉口东50米路南（郑东新区实验学校对面）
2289,山果儿和纸胶带-黄色,790,40,16,113.776988,34.745686,普惠路与列里路交叉口东50米路南（郑东新区实验学校对面）
3316,山果儿工业风书皮（颜色随机）,380,14,16,113.776988,34.745686,普惠路与列里路交叉口东50米路南（郑东新区实验学校对面）
2038,三色双线马克笔,1690,20,16,113.776988,34.745686,普惠路与列里路交叉口东50米路南（郑东新区实验学校对面）
2351,山果儿和纸胶带-蓝色,790,40,17,113.740294,34.731535,朝凤路与经北二路交叉口向北200米西南角（朝凤路小学西北）
4147,山果儿挂钟,5900,2,17,113.740294,34.731535,朝凤路与经北二路交叉口向北200米西南角（朝凤路小学西北）
2616,山果儿折叠款便签本,890,3,17,113.740294,34.731535,朝凤路与经北二路交叉口向北200米西南角（朝凤路小学西北）
2110,山果儿书立,1500,11,17,113.740294,34.731535,朝凤路与经北二路交叉口向北200米西南角（朝凤路小学西北）
1867,山果儿学习笔袋（颜色随机）,3800,5,17,113.740294,34.731535,朝凤路与经北二路交叉口向北200米西南角（朝凤路小学西北）
2379,山果儿便携随身本-数学公式本,890,94,17,113.740294,34.731535,朝凤路与经北二路交叉口向北200米西南角（朝凤路小学西北）
609,山果儿卡套,1990,24,17,113.740294,34.731535,朝凤路与经北二路交叉口向北200米西南角（朝凤路小学西北）
878,山果儿徽章,590,94,17,113.740294,34.731535,朝凤路与经北二路交叉口向北200米西南角（朝凤路小学西北）
129,山果儿书包（颜色随机）,8900,4,17,113.740294,34.731535,朝凤路与经北二路交叉口向北200米西南角（朝凤路小学西北）
2690,学生作业本（款式随机）,640,13,17,113.740294,34.731535,朝凤路与经北二路交叉口向北200米西南角（朝凤路小学西北）
2193,山果儿和纸胶带-橙色,790,40,17,113.740294,34.731535,朝凤路与经北二路交叉口向北200米西南角（朝凤路小学西北）
1683,山果儿趣味卡通U盘（颜色随机）,3990,15,17,113.740294,34.731535,朝凤路与经北二路交叉口向北200米西南角（朝凤路小学西北）
2458,山果儿便携随身本-英语单词本,890,94,17,113.740294,34.731535,朝凤路与经北二路交叉口向北200米西南角（朝凤路小学西北）
692,山果儿卡通钥匙串（颜色随机）,1080,83,17,113.740294,34.731535,朝凤路与经北二路交叉口向北200米西南角（朝凤路小学西北）
3536,山果儿文件袋（颜色随机）,390,5,17,113.740294,34.731535,朝凤路与经北二路交叉口向北200米西南角（朝凤路小学西北）
2272,山果儿和纸胶带-黄色,790,40,17,113.740294,34.731535,朝凤路与经北二路交叉口向北200米西南角（朝凤路小学西北）
3299,山果儿工业风书皮（颜色随机）,380,14,17,113.740294,34.731535,朝凤路与经北二路交叉口向北200米西南角（朝凤路小学西北）
2537,山果儿便携随身本-语文好句本,890,94,17,113.740294,34.731535,朝凤路与经北二路交叉口向北200米西南角（朝凤路小学西北）
1006,山果儿啦啦棒（颜色随机）,280,19,17,113.740294,34.731535,朝凤路与经北二路交叉口向北200米西南角（朝凤路小学西北）
2031,三色双线马克笔,1690,20,17,113.740294,34.731535,朝凤路与经北二路交叉口向北200米西南角（朝凤路小学西北）
2355,山果儿和纸胶带-蓝色,790,40,18,113.307963,34.819744,汝南路济源路交叉口上街雕像东南角
4157,山果儿挂钟,5900,2,18,,,
2120,山果儿书立,1500,11,18,,,
2633,山果儿折叠款便签本,890,3,18,,,
1884,山果儿学习笔袋（颜色随机）,3800,5,18,,,
2396,山果儿便携随身本-数学公式本,890,94,18,,,
619,山果儿卡套,1990,24,18,,,
895,山果儿徽章,590,94,18,,,
146,山果儿书包（颜色随机）,8900,4,18,,,
2197,山果儿和纸胶带-橙色,790,40,18,,,
2727,学生作业本（款式随机）,640,13,18,,,
2475,山果儿便携随身本-英语单词本,890,94,18,,,
696,山果儿卡通钥匙串（颜色随机）,1080,83,18,,,
1725,山果儿趣味卡通U盘（颜色随机）,3990,15,18,,,
3540,山果儿文件袋（颜色随机）,390,5,18,,,
2276,山果儿和纸胶带-黄色,790,40,18,,,
3303,山果儿工业风书皮（颜色随机）,380,14,18,,,
1014,山果儿啦啦棒（颜色随机）,280,19,18,,,
2041,三色双线马克笔,1690,20,18,,,
2554,山果儿便携随身本-语文好句本,890,94,18,,,
2361,山果儿和纸胶带-蓝色,790,40,21,113.682338,34.749477,南关街与德济路交叉口一楼
2618,山果儿折叠款便签本,890,3,21,114.682338,35.749477,南关街与德济路交叉口一楼
4158,山果儿挂钟,5900,2,21,,,
1868,山果儿学习笔袋（颜色随机）,3800,5,21,,,
2125,山果儿书立,1500,11,21,,,
2381,山果儿便携随身本-数学公式本,890,94,21,,,
624,山果儿卡套,1990,24,21,,,
880,山果儿徽章,590,94,21,,,
130,山果儿书包（颜色随机）,8900,4,21,,,
2691,学生作业本（款式随机）,640,13,21,,,
1685,山果儿趣味卡通U盘（颜色随机）,3990,15,21,,,
2203,山果儿和纸胶带-橙色,790,40,21,,,
2460,山果儿便携随身本-英语单词本,890,94,21,,,
702,山果儿卡通钥匙串（颜色随机）,1080,83,21,,,
3546,山果儿文件袋（颜色随机）,390,5,21,,,
2282,山果儿和纸胶带-黄色,790,40,21,,,
2539,山果儿便携随身本-语文好句本,890,94,21,,,
3309,山果儿工业风书皮（颜色随机）,380,14,21,,,
1018,山果儿啦啦棒（颜色随机）,280,19,21,,,
2046,三色双线马克笔,1690,20,21,,,
2592,山果儿便携随身本-语文好句本,890,94,30,113.690987,34.732728,紫荆山路与金城街交叉口向东300米路北（交警四大队斜对面100米路路北）
2342,山果儿和纸胶带-蓝色,790,40,30,,,
1853,山果儿学习笔袋（颜色随机）,3800,5,30,,,
4168,山果儿挂钟,5900,2,30,,,
2124,山果儿书立,1500,11,30,,,
623,山果儿卡套,1990,24,30,,,
2671,山果儿折叠款便签本,890,3,30,,,
115,山果儿书包（颜色随机）,8900,4,30,,,
2434,山果儿便携随身本-数学公式本,890,94,30,,,
2184,山果儿和纸胶带-橙色,790,40,30,,,
933,山果儿徽章,590,94,30,,,
683,山果儿卡通钥匙串（颜色随机）,1080,83,30,,,
1721,山果儿趣味卡通U盘（颜色随机）,3990,15,30,,,
958,山果儿啦啦棒（颜色随机）,280,19,30,,,
2750,学生作业本（款式随机）,640,13,30,,,
3527,山果儿文件袋（颜色随机）,390,5,30,,,
2513,山果儿便携随身本-英语单词本,890,94,30,,,
2263,山果儿和纸胶带-黄色,790,40,30,,,
3290,山果儿工业风书皮（颜色随机）,380,14,30,,,
2045,三色双线马克笔,1690,20,30,,,
1823,山果儿学习笔袋（颜色随机）,3800,5,31,113.673384,34.790314,文化路与丰产路交叉口东北角（农大科技楼4楼）
2109,山果儿书立,1500,11,31,113.673384,34.790314,文化路与丰产路交叉口东北角（农大科技楼4楼）
2369,山果儿和纸胶带-蓝色,790,40,31,,,
2627,山果儿折叠款便签本,890,3,31,,,
4177,山果儿挂钟,5900,2,31,,,
85,山果儿书包（颜色随机）,8900,4,31,,,
2390,山果儿便携随身本-数学公式本,890,94,31,,,
608,山果儿卡套,1990,24,31,,,
889,山果儿徽章,590,94,31,,,
2711,学生作业本（款式随机）,640,13,31,,,
2211,山果儿和纸胶带-橙色,790,40,31,,,
2469,山果儿便携随身本-英语单词本,890,94,31,,,
954,山果儿啦啦棒（颜色随机）,280,19,31,,,
710,山果儿卡通钥匙串（颜色随机）,1080,83,31,,,
1738,山果儿趣味卡通U盘（颜色随机）,3990,15,31,,,
3554,山果儿文件袋（颜色随机）,390,5,31,,,
2030,三色双线马克笔,1690,20,31,,,
2290,山果儿和纸胶带-黄色,790,40,31,,,
2548,山果儿便携随身本-语文好句本,890,94,31,,,
3317,山果儿工业风书皮（颜色随机）,380,14,31,,,
2572,山果儿便携随身本-语文好句本,890,94,34,113.651384,34.7974,丰乐路与群英路交叉口向北50米路东（金桥小学向东80米）
4111,山果儿挂钟,5900,2,34,,,
2099,山果儿书立,1500,11,34,,,
2360,山果儿和纸胶带-蓝色,790,40,34,,,
1855,山果儿学习笔袋（颜色随机）,3800,5,34,,,
598,山果儿卡套,1990,24,34,,,
2651,山果儿折叠款便签本,890,3,34,,,
2414,山果儿便携随身本-数学公式本,890,94,34,,,
117,山果儿书包（颜色随机）,8900,4,34,,,
1678,山果儿趣味卡通U盘（颜色随机）,3990,15,34,,,
913,山果儿徽章,590,94,34,,,
2202,山果儿和纸胶带-橙色,790,40,34,,,
2734,学生作业本（款式随机）,640,13,34,,,
701,山果儿卡通钥匙串（颜色随机）,1080,83,34,,,
2493,山果儿便携随身本-英语单词本,890,94,34,,,
978,山果儿啦啦棒（颜色随机）,280,19,34,,,
3545,山果儿文件袋（颜色随机）,390,5,34,,,
2020,三色双线马克笔,1690,20,34,,,
2281,山果儿和纸胶带-黄色,790,40,34,,,
3308,山果儿工业风书皮（颜色随机）,380,14,34,,,
2575,山果儿便携随身本-语文好句本,890,94,36,113.648968,34.809199,丰庆路与东风路向北100米路西（森林半岛）
2320,山果儿和纸胶带-蓝色,790,40,36,,,
4115,山果儿挂钟,5900,2,36,,,
2089,山果儿书立,1500,11,36,,,
588,山果儿卡套,1990,24,36,,,
1881,山果儿学习笔袋（颜色随机）,3800,5,36,,,
2654,山果儿折叠款便签本,890,3,36,,,
2417,山果儿便携随身本-数学公式本,890,94,36,,,
2162,山果儿和纸胶带-橙色,790,40,36,,,
143,山果儿书包（颜色随机）,8900,4,36,,,
1681,山果儿趣味卡通U盘（颜色随机）,3990,15,36,,,
916,山果儿徽章,590,94,36,,,
661,山果儿卡通钥匙串（颜色随机）,1080,83,36,,,
2728,学生作业本（款式随机）,640,13,36,,,
3505,山果儿文件袋（颜色随机）,390,5,36,,,
2496,山果儿便携随身本-英语单词本,890,94,36,,,
2241,山果儿和纸胶带-黄色,790,40,36,,,
3268,山果儿工业风书皮（颜色随机）,380,14,36,,,
2010,三色双线马克笔,1690,20,36,,,
1009,山果儿啦啦棒（颜色随机）,280,19,36,,,
2567,山果儿便携随身本-语文好句本,890,94,37,113.715314,34.724357,未来路与航海路交叉口向南200米路东（老蓝钻北门）
2314,山果儿和纸胶带-蓝色,790,40,37,,,
4121,山果儿挂钟,5900,2,37,,,
2113,山果儿书立,1500,11,37,,,
2646,山果儿折叠款便签本,890,3,37,,,
1887,山果儿学习笔袋（颜色随机）,3800,5,37,,,
612,山果儿卡套,1990,24,37,,,
2409,山果儿便携随身本-数学公式本,890,94,37,,,
2156,山果儿和纸胶带-橙色,790,40,37,,,
908,山果儿徽章,590,94,37,,,
655,山果儿卡通钥匙串（颜色随机）,1080,83,37,,,
149,山果儿书包（颜色随机）,8900,4,37,,,
1695,山果儿趣味卡通U盘（颜色随机）,3990,15,37,,,
3499,山果儿文件袋（颜色随机）,390,5,37,,,
2736,学生作业本（款式随机）,640,13,37,,,
2488,山果儿便携随身本-英语单词本,890,94,37,,,
2235,山果儿和纸胶带-黄色,790,40,37,,,
3262,山果儿工业风书皮（颜色随机）,380,14,37,,,
2034,三色双线马克笔,1690,20,37,,,
1015,山果儿啦啦棒（颜色随机）,280,19,37,,,
2576,山果儿便携随身本-语文好句本,890,94,38,113.624719,34.844014,江山路与三全路交叉口向北100米（北城花园门口东侧）
4116,山果儿挂钟,5900,2,38,,,
2326,山果儿和纸胶带-蓝色,790,40,38,,,
2108,山果儿书立,1500,11,38,,,
1882,山果儿学习笔袋（颜色随机）,3800,5,38,,,
607,山果儿卡套,1990,24,38,,,
2655,山果儿折叠款便签本,890,3,38,,,
2418,山果儿便携随身本-数学公式本,890,94,38,,,
2168,山果儿和纸胶带-橙色,790,40,38,,,
144,山果儿书包（颜色随机）,8900,4,38,,,
917,山果儿徽章,590,94,38,,,
667,山果儿卡通钥匙串（颜色随机）,1080,83,38,,,
1700,山果儿趣味卡通U盘（颜色随机）,3990,15,38,,,
2737,学生作业本（款式随机）,640,13,38,,,
3511,山果儿文件袋（颜色随机）,390,5,38,,,
2497,山果儿便携随身本-英语单词本,890,94,38,,,
2247,山果儿和纸胶带-黄色,790,40,38,,,
3274,山果儿工业风书皮（颜色随机）,380,14,38,,,
2029,三色双线马克笔,1690,20,38,,,
1017,山果儿啦啦棒（颜色随机）,280,19,38,,,
2343,山果儿和纸胶带-蓝色,790,40,39,113.697883,34.729885,航海路与城东南路向北500米路东 幸福港湾青年公寓2楼
4142,山果儿挂钟,5900,2,39,,,
2613,山果儿折叠款便签本,890,3,39,,,
2106,山果儿书立,1500,11,39,,,
1863,山果儿学习笔袋（颜色随机）,3800,5,39,,,
2376,山果儿便携随身本-数学公式本,890,94,39,,,
605,山果儿卡套,1990,24,39,,,
875,山果儿徽章,590,93,39,,,
125,山果儿书包（颜色随机）,8900,4,39,,,
2185,山果儿和纸胶带-橙色,790,40,39,,,
1676,山果儿趣味卡通U盘（颜色随机）,3990,15,39,,,
2455,山果儿便携随身本-英语单词本,890,94,39,,,
684,山果儿卡通钥匙串（颜色随机）,1080,83,39,,,
3528,山果儿文件袋（颜色随机）,390,5,39,,,
2766,学生作业本（款式随机）,640,13,39,,,
2264,山果儿和纸胶带-黄色,790,40,39,,,
3291,山果儿工业风书皮（颜色随机）,380,14,39,,,
2534,山果儿便携随身本-语文好句本,890,94,39,,,
2027,三色双线马克笔,1690,20,39,,,
1004,山果儿啦啦棒（颜色随机）,280,19,39,,,
2324,山果儿和纸胶带-蓝色,790,40,41,113.726624,34.7213,管城区腾飞路七里河小学斜对面向西50米
2082,山果儿书立,1500,11,41,,,
2605,山果儿便携随身本-语文好句本,890,94,41,,,
1852,山果儿学习笔袋（颜色随机）,3800,5,41,,,
4162,山果儿挂钟,5900,2,41,,,
581,山果儿卡套,1990,24,41,,,
114,山果儿书包（颜色随机）,8900,4,41,,,
2166,山果儿和纸胶带-橙色,790,40,41,,,
2684,山果儿折叠款便签本,890,3,41,,,
2695,学生作业本（款式随机）,640,13,41,,,
2447,山果儿便携随身本-数学公式本,890,94,41,,,
665,山果儿卡通钥匙串（颜色随机）,1080,83,41,,,
946,山果儿徽章,590,94,41,,,
3509,山果儿文件袋（颜色随机）,390,5,41,,,
2245,山果儿和纸胶带-黄色,790,40,41,,,
1735,山果儿趣味卡通U盘（颜色随机）,3990,15,41,,,
3272,山果儿工业风书皮（颜色随机）,380,14,41,,,
2003,三色双线马克笔,1690,20,41,,,
986,山果儿啦啦棒（颜色随机）,280,19,41,,,
2526,山果儿便携随身本-英语单词本,890,94,41,,,
2313,山果儿和纸胶带-蓝色,790,40,45,113.64323,34.829255,索凌路与国基路交叉口向南50米路东（普罗旺世对面）
2571,山果儿便携随身本-语文好句本,890,94,45,,,
1835,山果儿学习笔袋（颜色随机）,3800,5,45,,,
2097,山果儿书立,1500,11,45,,,
4150,山果儿挂钟,5900,2,45,,,
596,山果儿卡套,1990,24,45,,,
2650,山果儿折叠款便签本,890,3,45,,,
97,山果儿书包（颜色随机）,8900,4,45,,,
2155,山果儿和纸胶带-橙色,790,40,45,,,
2413,山果儿便携随身本-数学公式本,890,94,45,,,
654,山果儿卡通钥匙串（颜色随机）,1080,83,45,,,
912,山果儿徽章,590,94,45,,,
1694,山果儿趣味卡通U盘（颜色随机）,3990,15,45,,,
3498,山果儿文件袋（颜色随机）,390,5,45,,,
2234,山果儿和纸胶带-黄色,790,40,45,,,
2492,山果儿便携随身本-英语单词本,890,94,45,,,
3261,山果儿工业风书皮（颜色随机）,380,14,45,,,
969,山果儿啦啦棒（颜色随机）,280,19,45,,,
2767,学生作业本（款式随机）,640,13,45,,,
2018,三色双线马克笔,1690,20,45,,,
2570,山果儿便携随身本-语文好句本,890,94,47,113.659887,34.829904,园田路与宏达路交叉口东北角（朝阳小区）二楼
2321,山果儿和纸胶带-蓝色,790,40,47,,,
4129,山果儿挂钟,5900,2,47,,,
2101,山果儿书立,1500,11,47,,,
600,山果儿卡套,1990,24,47,,,
2649,山果儿折叠款便签本,890,3,47,,,
1898,山果儿学习笔袋（颜色随机）,3800,5,47,,,
2412,山果儿便携随身本-数学公式本,890,94,47,,,
2163,山果儿和纸胶带-橙色,790,40,47,,,
1670,山果儿趣味卡通U盘（颜色随机）,3990,15,47,,,
911,山果儿徽章,590,94,47,,,
662,山果儿卡通钥匙串（颜色随机）,1080,83,47,,,
160,山果儿书包（颜色随机）,8900,4,47,,,
2732,学生作业本（款式随机）,640,13,47,,,
3506,山果儿文件袋（颜色随机）,390,5,47,,,
2491,山果儿便携随身本-英语单词本,890,94,47,,,
2242,山果儿和纸胶带-黄色,790,40,47,,,
3269,山果儿工业风书皮（颜色随机）,380,14,47,,,
2022,三色双线马克笔,1690,20,47,,,
1010,山果儿啦啦棒（颜色随机）,280,19,47,,,
1028,山果儿啦啦棒（颜色随机）,280,19,50,113.671682,34.71034,航海路与碧云路交叉口向南50米路东
4114,山果儿挂钟,5900,2,50,,,
2328,山果儿和纸胶带-蓝色,790,40,50,,,
2585,山果儿便携随身本-语文好句本,890,94,50,,,
2102,山果儿书立,1500,11,50,,,
1875,山果儿学习笔袋（颜色随机）,3800,5,50,,,
601,山果儿卡套,1990,24,50,,,
2664,山果儿折叠款便签本,890,3,50,,,
2170,山果儿和纸胶带-橙色,790,40,50,,,
2427,山果儿便携随身本-数学公式本,890,94,50,,,
1664,山果儿趣味卡通U盘（颜色随机）,3990,15,50,,,
137,山果儿书包（颜色随机）,8900,4,50,,,
669,山果儿卡通钥匙串（颜色随机）,1080,83,50,,,
926,山果儿徽章,590,94,50,,,
3513,山果儿文件袋（颜色随机）,390,5,50,,,
2747,学生作业本（款式随机）,640,13,50,,,
2249,山果儿和纸胶带-黄色,790,40,50,,,
2506,山果儿便携随身本-英语单词本,890,94,50,,,
3276,山果儿工业风书皮（颜色随机）,380,14,50,,,
2023,三色双线马克笔,1690,20,50,,,
1824,山果儿学习笔袋（颜色随机）,3800,5,51,113.657392,34.740493,永安街与庆丰街交叉口西北角50米路西（鑫苑现代城南100米路西）
2339,山果儿和纸胶带-蓝色,790,40,51,,,
2091,山果儿书立,1500,11,51,,,
2631,山果儿折叠款便签本,890,3,51,,,
590,山果儿卡套,1990,24,51,,,
4180,山果儿挂钟,5900,2,51,,,
86,山果儿书包（颜色随机）,8900,4,51,,,
2394,山果儿便携随身本-数学公式本,890,94,51,,,
893,山果儿徽章,590,94,51,,,
2181,山果儿和纸胶带-橙色,790,40,51,,,
2713,学生作业本（款式随机）,640,13,51,,,
680,山果儿卡通钥匙串（颜色随机）,1080,83,51,,,
2473,山果儿便携随身本-英语单词本,890,94,51,,,
1717,山果儿趣味卡通U盘（颜色随机）,3990,15,51,,,
3524,山果儿文件袋（颜色随机）,390,5,51,,,
965,山果儿啦啦棒（颜色随机）,280,19,51,,,
2260,山果儿和纸胶带-黄色,790,40,51,,,
3287,山果儿工业风书皮（颜色随机）,380,14,51,,,
2012,三色双线马克笔,1690,20,51,,,
2552,山果儿便携随身本-语文好句本,890,94,51,,,
1025,山果儿啦啦棒（颜色随机）,280,19,54,113.676204,34.70542,南三环与连云路交叉口向西50米路北建设银行后
2573,山果儿便携随身本-语文好句本,890,94,54,,,
2323,山果儿和纸胶带-蓝色,790,40,54,,,
4124,山果儿挂钟,5900,2,54,,,
2095,山果儿书立,1500,11,54,,,
594,山果儿卡套,1990,24,54,,,
2652,山果儿折叠款便签本,890,3,54,,,
1891,山果儿学习笔袋（颜色随机）,3800,5,54,,,
2415,山果儿便携随身本-数学公式本,890,94,54,,,
2165,山果儿和纸胶带-橙色,790,40,54,,,
1679,山果儿趣味卡通U盘（颜色随机）,3990,15,54,,,
914,山果儿徽章,590,94,54,,,
664,山果儿卡通钥匙串（颜色随机）,1080,83,54,,,
153,山果儿书包（颜色随机）,8900,4,54,,,
2738,学生作业本（款式随机）,640,13,54,,,
3508,山果儿文件袋（颜色随机）,390,5,54,,,
2494,山果儿便携随身本-英语单词本,890,94,54,,,
2244,山果儿和纸胶带-黄色,790,40,54,,,
3271,山果儿工业风书皮（颜色随机）,380,14,54,,,
2016,三色双线马克笔,1690,20,54,,,
2055,三色双线马克笔,1690,20,55,113.040311,34.468079,长江路与嵩山路向西300米路北（郑州优智外国语中学向东100米路北）
2594,山果儿便携随身本-语文好句本,890,94,55,,,
4135,山果儿挂钟,5900,2,55,,,
1866,山果儿学习笔袋（颜色随机）,3800,5,55,,,
2134,山果儿书立,1500,11,55,,,
2141,山果儿和纸胶带-橙色,790,40,55,,,
2673,山果儿折叠款便签本,890,3,55,,,
633,山果儿卡套,1990,24,55,,,
128,山果儿书包（颜色随机）,8900,4,55,,,
640,山果儿卡通钥匙串（颜色随机）,1080,83,55,,,
2436,山果儿便携随身本-数学公式本,890,94,55,,,
1669,山果儿趣味卡通U盘（颜色随机）,3990,15,55,,,
3484,山果儿文件袋（颜色随机）,390,5,55,,,
935,山果儿徽章,590,94,55,,,
2220,山果儿和纸胶带-黄色,790,40,55,,,
3247,山果儿工业风书皮（颜色随机）,380,14,55,,,
2755,学生作业本（款式随机）,640,13,55,,,
2515,山果儿便携随身本-英语单词本,890,94,55,,,
1000,山果儿啦啦棒（颜色随机）,280,19,55,,,
2299,山果儿和纸胶带-蓝色,790,40,55,,,
2066,山果儿书立,1500,11,56,,,
2580,山果儿便携随身本-语文好句本,890,94,56,,,
1830,山果儿学习笔袋（颜色随机）,3800,5,56,,,
4136,山果儿挂钟,5900,2,56,,,
565,山果儿卡套,1990,24,56,,,
92,山果儿书包（颜色随机）,8900,4,56,,,
2144,山果儿和纸胶带-橙色,790,40,56,113.657498,34.711702,行云路与长江路交叉口向南500米路西(郑州师范学院附属培智学校北60米路西）
2659,山果儿折叠款便签本,890,3,56,,,
2422,山果儿便携随身本-数学公式本,890,94,56,,,
643,山果儿卡通钥匙串（颜色随机）,1080,83,56,,,
921,山果儿徽章,590,94,56,,,
3487,山果儿文件袋（颜色随机）,390,5,56,,,
1702,山果儿趣味卡通U盘（颜色随机）,3990,15,56,,,
2223,山果儿和纸胶带-黄色,790,40,56,,,
3250,山果儿工业风书皮（颜色随机）,380,14,56,,,
2749,学生作业本（款式随机）,640,13,56,,,
963,山果儿啦啦棒（颜色随机）,280,19,56,,,
1987,三色双线马克笔,1690,20,56,,,
2501,山果儿便携随身本-英语单词本,890,94,56,,,
2302,山果儿和纸胶带-蓝色,790,40,56,,,
4117,山果儿挂钟,5900,2,57,113.693992,34.616765,郑新快速路与祥安路向西100米路南九恒大药房西隔壁
2591,山果儿便携随身本-语文好句本,890,94,57,,,
1842,山果儿学习笔袋（颜色随机）,3800,5,57,,,
2103,山果儿书立,1500,11,57,,,
2370,山果儿和纸胶带-蓝色,790,40,57,,,
602,山果儿卡套,1990,24,57,,,
104,山果儿书包（颜色随机）,8900,4,57,,,
2670,山果儿折叠款便签本,890,3,57,,,
2433,山果儿便携随身本-数学公式本,890,94,57,,,
1667,山果儿趣味卡通U盘（颜色随机）,3990,15,57,,,
932,山果儿徽章,590,94,57,,,
2212,山果儿和纸胶带-橙色,790,40,57,,,
2744,学生作业本（款式随机）,640,13,57,,,
711,山果儿卡通钥匙串（颜色随机）,1080,83,57,,,
2512,山果儿便携随身本-英语单词本,890,94,57,,,
980,山果儿啦啦棒（颜色随机）,280,19,57,,,
3555,山果儿文件袋（颜色随机）,390,5,57,,,
2024,三色双线马克笔,1690,20,57,,,
2291,山果儿和纸胶带-黄色,790,40,57,,,
3318,山果儿工业风书皮（颜色随机）,380,14,57,,,
2348,山果儿和纸胶带-蓝色,790,40,59,,,
2104,山果儿书立,1500,11,59,113.706373,34.798607,河南省郑州市金水区东风路东明路交叉口西南角
2634,山果儿折叠款便签本,890,3,59,,,
603,山果儿卡套,1990,24,59,,,
1885,山果儿学习笔袋（颜色随机）,3800,5,59,,,
2397,山果儿便携随身本-数学公式本,890,94,59,,,
4189,山果儿挂钟,5900,507,59,,,
896,山果儿徽章,590,94,59,,,
1674,山果儿趣味卡通U盘（颜色随机）,3990,15,59,,,
2190,山果儿和纸胶带-橙色,790,40,59,,,
147,山果儿书包（颜色随机）,8900,393,59,,,
2722,学生作业本（款式随机）,640,13,59,,,
2476,山果儿便携随身本-英语单词本,890,94,59,,,
689,山果儿卡通钥匙串（颜色随机）,1080,83,59,,,
3533,山果儿文件袋（颜色随机）,390,5,59,,,
2269,山果儿和纸胶带-黄色,790,40,59,,,
3296,山果儿工业风书皮（颜色随机）,380,14,59,,,
2025,三色双线马克笔,1690,20,59,,,
1003,山果儿啦啦棒（颜色随机）,280,19,59,,,
2555,山果儿便携随身本-语文好句本,890,94,59,,,
2561,山果儿便携随身本-语文好句本,890,94,66,113.674379,34.866333,开元路清华园路交叉口东100米路南大山外语
2077,山果儿书立,1500,11,66,,,
1829,山果儿学习笔袋（颜色随机）,3800,5,66,,,
2352,山果儿和纸胶带-蓝色,790,40,66,,,
576,山果儿卡套,1990,24,66,,,
2640,山果儿折叠款便签本,890,3,66,,,
4181,山果儿挂钟,5900,2,66,,,
91,山果儿书包（颜色随机）,8900,4,66,,,
2403,山果儿便携随身本-数学公式本,890,94,66,,,
902,山果儿徽章,590,94,66,,,
2194,山果儿和纸胶带-橙色,790,40,66,,,
2726,学生作业本（款式随机）,640,13,66,,,
1710,山果儿趣味卡通U盘（颜色随机）,3990,15,66,,,
2482,山果儿便携随身本-英语单词本,890,94,66,,,
693,山果儿卡通钥匙串（颜色随机）,1080,83,66,,,
967,山果儿啦啦棒（颜色随机）,280,19,66,,,
1998,三色双线马克笔,1690,20,66,,,
3537,山果儿文件袋（颜色随机）,390,5,66,,,
2273,山果儿和纸胶带-黄色,790,40,66,,,
3300,山果儿工业风书皮（颜色随机）,380,14,66,,,
2579,山果儿便携随身本-语文好句本,890,94,67,113.696924,34.769211,未来路与福元路交叉口向北100米路东（广东发展银行南20米）
1826,山果儿学习笔袋（颜色随机）,3800,5,67,,,
2364,山果儿和纸胶带-蓝色,790,40,67,,,
2112,山果儿书立,1500,11,67,,,
4179,山果儿挂钟,5900,2,67,,,
88,山果儿书包（颜色随机）,8900,4,67,,,
2658,山果儿折叠款便签本,890,3,67,,,
611,山果儿卡套,1990,24,67,,,
2421,山果儿便携随身本-数学公式本,890,94,67,,,
920,山果儿徽章,590,94,67,,,
2206,山果儿和纸胶带-橙色,790,40,67,,,
2743,学生作业本（款式随机）,640,13,67,,,
960,山果儿啦啦棒（颜色随机）,280,19,67,,,
705,山果儿卡通钥匙串（颜色随机）,1080,83,67,,,
1731,山果儿趣味卡通U盘（颜色随机）,3990,15,67,,,
2500,山果儿便携随身本-英语单词本,890,94,67,,,
3549,山果儿文件袋（颜色随机）,390,5,67,,,
2285,山果儿和纸胶带-黄色,790,40,67,,,
3312,山果儿工业风书皮（颜色随机）,380,14,67,,,
2033,三色双线马克笔,1690,20,67,,,
2060,山果儿书立,1500,11,69,113.664661,34.77297,河南省郑州市金水区优胜南路劳卫路交叉口向东20米路北
2333,山果儿和纸胶带-蓝色,790,40,69,,,
559,山果儿卡套,1990,24,69,,,
2625,山果儿折叠款便签本,890,3,69,,,
4166,山果儿挂钟,5900,2,69,,,
2388,山果儿便携随身本-数学公式本,890,94,69,,,
1893,山果儿学习笔袋（颜色随机）,3800,5,69,,,
887,山果儿徽章,590,94,69,,,
2175,山果儿和纸胶带-橙色,790,40,69,,,
2709,学生作业本（款式随机）,640,13,69,,,
155,山果儿书包（颜色随机）,8900,4,69,,,
1691,山果儿趣味卡通U盘（颜色随机）,3990,15,69,,,
674,山果儿卡通钥匙串（颜色随机）,1080,83,69,,,
2467,山果儿便携随身本-英语单词本,890,94,69,,,
1981,三色双线马克笔,1690,20,69,,,
3518,山果儿文件袋（颜色随机）,390,5,69,,,
2254,山果儿和纸胶带-黄色,790,40,69,,,
3281,山果儿工业风书皮（颜色随机）,380,14,69,,,
2546,山果儿便携随身本-语文好句本,890,94,69,,,
1023,山果儿啦啦棒（颜色随机）,280,19,69,,,
2070,山果儿书立,1500,11,71,113.523824,34.815005,科学大道与须水东路交叉口向北100米路东（星光广场旁边）
1845,山果儿学习笔袋（颜色随机）,3800,5,71,,,
569,山果儿卡套,1990,24,71,,,
2367,山果儿和纸胶带-蓝色,790,40,71,,,
2623,山果儿折叠款便签本,890,3,71,,,
4164,山果儿挂钟,5900,2,71,,,
2386,山果儿便携随身本-数学公式本,890,94,71,,,
107,山果儿书包（颜色随机）,8900,4,71,,,
885,山果儿徽章,590,94,71,,,
2700,学生作业本（款式随机）,640,13,71,,,
2209,山果儿和纸胶带-橙色,790,40,71,,,
2465,山果儿便携随身本-英语单词本,890,94,71,,,
1705,山果儿趣味卡通U盘（颜色随机）,3990,15,71,,,
708,山果儿卡通钥匙串（颜色随机）,1080,83,71,,,
1991,三色双线马克笔,1690,20,71,,,
985,山果儿啦啦棒（颜色随机）,280,19,71,,,
3552,山果儿文件袋（颜色随机）,390,5,71,,,
2288,山果儿和纸胶带-黄色,790,40,71,,,
2544,山果儿便携随身本-语文好句本,890,94,71,,,
3315,山果儿工业风书皮（颜色随机）,380,14,71,,,
4112,山果儿挂钟,5900,2,73,113.637276,34.813433,河南省郑州市丰乐路与博颂路交叉口南200米路西
2322,山果儿和纸胶带-蓝色,790,40,73,,,
2081,山果儿书立,1500,11,73,,,
2603,山果儿便携随身本-语文好句本,890,94,73,,,
1849,山果儿学习笔袋（颜色随机）,3800,5,73,,,
580,山果儿卡套,1990,24,73,,,
111,山果儿书包（颜色随机）,8900,4,73,,,
2164,山果儿和纸胶带-橙色,790,40,73,,,
2682,山果儿折叠款便签本,890,3,73,,,
2445,山果儿便携随身本-数学公式本,890,94,73,,,
663,山果儿卡通钥匙串（颜色随机）,1080,83,73,,,
2730,学生作业本（款式随机）,640,13,73,,,
944,山果儿徽章,590,94,73,,,
3507,山果儿文件袋（颜色随机）,390,5,73,,,
1729,山果儿趣味卡通U盘（颜色随机）,3990,15,73,,,
2243,山果儿和纸胶带-黄色,790,40,73,,,
3270,山果儿工业风书皮（颜色随机）,380,14,73,,,
2002,三色双线马克笔,1690,20,73,,,
984,山果儿啦啦棒（颜色随机）,280,19,73,,,
2524,山果儿便携随身本-英语单词本,890,94,73,,,
2566,山果儿便携随身本-语文好句本,890,94,74,113.644389,34.739559,汝河路与淮北街交叉口向东300米路北（路砦花苑北区向西50路北）
2063,山果儿书立,1500,11,74,,,
1820,山果儿学习笔袋（颜色随机）,3800,5,74,,,
562,山果儿卡套,1990,24,74,,,
82,山果儿书包（颜色随机）,8900,4,74,,,
2645,山果儿折叠款便签本,890,3,74,,,
4182,山果儿挂钟,5900,2,74,,,
2142,山果儿和纸胶带-橙色,790,40,74,,,
2408,山果儿便携随身本-数学公式本,890,94,74,,,
641,山果儿卡通钥匙串（颜色随机）,1080,83,74,,,
907,山果儿徽章,590,94,74,,,
2717,学生作业本（款式随机）,640,13,74,,,
3485,山果儿文件袋（颜色随机）,390,5,74,,,
2221,山果儿和纸胶带-黄色,790,40,74,,,
3248,山果儿工业风书皮（颜色随机）,380,14,74,,,
1719,山果儿趣味卡通U盘（颜色随机）,3990,15,74,,,
2487,山果儿便携随身本-英语单词本,890,94,74,,,
959,山果儿啦啦棒（颜色随机）,280,19,74,,,
1984,三色双线马克笔,1690,20,74,,,
2300,山果儿和纸胶带-蓝色,790,40,74,,,
2317,山果儿和纸胶带-蓝色,790,40,75,113.660956,34.819636,园田路与北三环交叉口东北角（中方园东区）
2076,山果儿书立,1500,11,75,,,
2601,山果儿便携随身本-语文好句本,890,94,75,,,
1847,山果儿学习笔袋（颜色随机）,3800,5,75,,,
4152,山果儿挂钟,5900,2,75,,,
575,山果儿卡套,1990,24,75,,,
109,山果儿书包（颜色随机）,8900,4,75,,,
2159,山果儿和纸胶带-橙色,790,40,75,,,
2680,山果儿折叠款便签本,890,3,75,,,
2443,山果儿便携随身本-数学公式本,890,94,75,,,
658,山果儿卡通钥匙串（颜色随机）,1080,83,75,,,
2706,学生作业本（款式随机）,640,13,75,,,
942,山果儿徽章,590,94,75,,,
3502,山果儿文件袋（颜色随机）,390,5,75,,,
2238,山果儿和纸胶带-黄色,790,40,75,,,
1728,山果儿趣味卡通U盘（颜色随机）,3990,15,75,,,
3265,山果儿工业风书皮（颜色随机）,380,14,75,,,
1997,三色双线马克笔,1690,20,75,,,
979,山果儿啦啦棒（颜色随机）,280,19,75,,,
2522,山果儿便携随身本-英语单词本,890,94,75,,,
2349,山果儿和纸胶带-蓝色,790,40,76,113.657887,34.84942,龙门路丰庆路交叉口向北50米路东（瀚宇天悦一期西门）
2612,山果儿折叠款便签本,890,3,76,,,
2105,山果儿书立,1500,11,76,,,
2375,山果儿便携随身本-数学公式本,890,94,76,,,
1865,山果儿学习笔袋（颜色随机）,3800,5,76,,,
4183,山果儿挂钟,5900,2,76,,,
604,山果儿卡套,1990,24,76,,,
874,山果儿徽章,590,94,76,,,
127,山果儿书包（颜色随机）,8900,4,76,,,
1675,山果儿趣味卡通U盘（颜色随机）,3990,15,76,,,
2191,山果儿和纸胶带-橙色,790,40,76,,,
2454,山果儿便携随身本-英语单词本,890,94,76,,,
2723,学生作业本（款式随机）,640,13,76,,,
690,山果儿卡通钥匙串（颜色随机）,1080,83,76,,,
3534,山果儿文件袋（颜色随机）,390,5,76,,,
2270,山果儿和纸胶带-黄色,790,40,76,,,
3297,山果儿工业风书皮（颜色随机）,380,14,76,,,
2533,山果儿便携随身本-语文好句本,890,94,76,,,
1002,山果儿啦啦棒（颜色随机）,280,19,76,,,
2026,三色双线马克笔,1690,20,76,,,
1029,山果儿啦啦棒（颜色随机）,280,19,78,113.80979,34.819903,姚夏路与薛夏南路交叉口向北100米路东（金水区陈三桥社区西院西门北100米）
2056,三色双线马克笔,1690,20,78,,,
2371,山果儿和纸胶带-蓝色,790,40,78,,,
2638,山果儿折叠款便签本,890,3,78,,,
4174,山果儿挂钟,5900,2,78,,,
2135,山果儿书立,1500,11,78,,,
2401,山果儿便携随身本-数学公式本,890,94,78,,,
1894,山果儿学习笔袋（颜色随机）,3800,5,78,,,
634,山果儿卡套,1990,24,78,,,
900,山果儿徽章,590,94,78,,,
2714,学生作业本（款式随机）,640,13,78,,,
156,山果儿书包（颜色随机）,8900,4,78,,,
2213,山果儿和纸胶带-橙色,790,40,78,,,
1704,山果儿趣味卡通U盘（颜色随机）,3990,15,78,,,
2480,山果儿便携随身本-英语单词本,890,94,78,,,
712,山果儿卡通钥匙串（颜色随机）,1080,83,78,,,
3556,山果儿文件袋（颜色随机）,390,5,78,,,
2292,山果儿和纸胶带-黄色,790,40,78,,,
3319,山果儿工业风书皮（颜色随机）,380,14,78,,,
2559,山果儿便携随身本-语文好句本,890,94,78,,,
2562,山果儿便携随身本-语文好句本,890,94,79,113.756005,34.714735,经开区第四大街与经南六路交叉口向北50米路东（阅山公馆）
4118,山果儿挂钟,5900,2,79,,,
2357,山果儿和纸胶带-蓝色,790,40,79,,,
2119,山果儿书立,1500,11,79,,,
2641,山果儿折叠款便签本,890,3,79,,,
2404,山果儿便携随身本-数学公式本,890,94,79,,,
1896,山果儿学习笔袋（颜色随机）,3800,5,79,,,
618,山果儿卡套,1990,24,79,,,
903,山果儿徽章,590,94,79,,,
2199,山果儿和纸胶带-橙色,790,40,79,,,
1690,山果儿趣味卡通U盘（颜色随机）,3990,15,79,,,
158,山果儿书包（颜色随机）,8900,4,79,,,
2483,山果儿便携随身本-英语单词本,890,94,79,,,
2741,学生作业本（款式随机）,640,13,79,,,
698,山果儿卡通钥匙串（颜色随机）,1080,83,79,,,
3542,山果儿文件袋（颜色随机）,390,5,79,,,
2278,山果儿和纸胶带-黄色,790,40,79,,,
3305,山果儿工业风书皮（颜色随机）,380,14,79,,,
1013,山果儿啦啦棒（颜色随机）,280,19,79,,,
2040,三色双线马克笔,1690,20,79,,,
2309,山果儿和纸胶带-蓝色,790,40,80,113.693376,34.798624,河南省郑州市金水区农科路与政七街交叉口西100米路南（农科路小学对面）
2074,山果儿书立,1500,11,80,,,
2595,山果儿便携随身本-语文好句本,890,94,80,,,
1843,山果儿学习笔袋（颜色随机）,3800,5,80,,,
4149,山果儿挂钟,5900,2,80,,,
573,山果儿卡套,1990,24,80,,,
2151,山果儿和纸胶带-橙色,790,40,80,,,
105,山果儿书包（颜色随机）,8900,4,80,,,
2674,山果儿折叠款便签本,890,3,80,,,
2437,山果儿便携随身本-数学公式本,890,94,80,,,
650,山果儿卡通钥匙串（颜色随机）,1080,83,80,,,
3494,山果儿文件袋（颜色随机）,390,5,80,,,
936,山果儿徽章,590,94,80,,,
2230,山果儿和纸胶带-黄色,790,40,80,,,
1720,山果儿趣味卡通U盘（颜色随机）,3990,15,80,,,
3257,山果儿工业风书皮（颜色随机）,380,14,80,,,
2761,学生作业本（款式随机）,640,13,80,,,
1995,三色双线马克笔,1690,20,80,,,
976,山果儿啦啦棒（颜色随机）,280,19,80,,,
2516,山果儿便携随身本-英语单词本,890,94,80,,,
2600,山果儿便携随身本-语文好句本,890,94,82,113.530994,34.770062,建设路西四环锦艺运河上城南门1号楼下
2346,山果儿和纸胶带-蓝色,790,40,82,,,
1838,山果儿学习笔袋（颜色随机）,3800,5,82,,,
4145,山果儿挂钟,5900,2,82,,,
2098,山果儿书立,1500,11,82,,,
597,山果儿卡套,1990,24,82,,,
100,山果儿书包（颜色随机）,8900,4,82,,,
2679,山果儿折叠款便签本,890,3,82,,,
2442,山果儿便携随身本-数学公式本,890,94,82,,,
2188,山果儿和纸胶带-橙色,790,40,82,,,
1684,山果儿趣味卡通U盘（颜色随机）,3990,15,82,,,
941,山果儿徽章,590,94,82,,,
687,山果儿卡通钥匙串（颜色随机）,1080,83,82,,,
957,山果儿啦啦棒（颜色随机）,280,19,82,,,
2763,学生作业本（款式随机）,640,13,82,,,
3531,山果儿文件袋（颜色随机）,390,5,82,,,
2521,山果儿便携随身本-英语单词本,890,94,82,,,
2267,山果儿和纸胶带-黄色,790,40,82,,,
3294,山果儿工业风书皮（颜色随机）,380,14,82,,,
2019,三色双线马克笔,1690,20,82,,,
2358,山果儿和纸胶带-蓝色,790,40,83,113.559954,34.794386,石楠路药厂街交叉口南100路东（祝福红城三期西门大山外语）
4151,山果儿挂钟,5900,2,83,,,
2122,山果儿书立,1500,11,83,,,
2635,山果儿折叠款便签本,890,3,83,,,
2398,山果儿便携随身本-数学公式本,890,94,83,,,
1888,山果儿学习笔袋（颜色随机）,3800,5,83,,,
621,山果儿卡套,1990,24,83,,,
897,山果儿徽章,590,94,83,,,
150,山果儿书包（颜色随机）,8900,4,83,,,
2710,学生作业本（款式随机）,640,13,83,,,
2200,山果儿和纸胶带-橙色,790,40,83,,,
1699,山果儿趣味卡通U盘（颜色随机）,3990,15,83,,,
2477,山果儿便携随身本-英语单词本,890,94,83,,,
699,山果儿卡通钥匙串（颜色随机）,1080,83,83,,,
3543,山果儿文件袋（颜色随机）,390,5,83,,,
2279,山果儿和纸胶带-黄色,790,40,83,,,
3306,山果儿工业风书皮（颜色随机）,380,14,83,,,
1012,山果儿啦啦棒（颜色随机）,280,19,83,,,
2043,三色双线马克笔,1690,20,83,,,
2556,山果儿便携随身本-语文好句本,890,94,83,,,
2067,山果儿书立,1500,11,84,113.672064,34.702436,碧云路贺江路东50米路北（马记食府隔壁）
2581,山果儿便携随身本-语文好句本,890,94,84,,,
1832,山果儿学习笔袋（颜色随机）,3800,5,84,,,
4139,山果儿挂钟,5900,2,84,,,
566,山果儿卡套,1990,24,84,,,
94,山果儿书包（颜色随机）,8900,4,84,,,
2145,山果儿和纸胶带-橙色,790,40,84,,,
2660,山果儿折叠款便签本,890,3,84,,,
2423,山果儿便携随身本-数学公式本,890,94,84,,,
644,山果儿卡通钥匙串（颜色随机）,1080,83,84,,,
922,山果儿徽章,590,94,84,,,
3488,山果儿文件袋（颜色随机）,390,5,84,,,
1707,山果儿趣味卡通U盘（颜色随机）,3990,15,84,,,
2224,山果儿和纸胶带-黄色,790,40,84,,,
3251,山果儿工业风书皮（颜色随机）,380,14,84,,,
2751,学生作业本（款式随机）,640,13,84,,,
1988,三色双线马克笔,1690,20,84,,,
966,山果儿啦啦棒（颜色随机）,280,19,84,,,
2502,山果儿便携随身本-英语单词本,890,94,84,,,
2303,山果儿和纸胶带-蓝色,790,40,84,,,
2340,山果儿和纸胶带-蓝色,790,40,93,113.629094,34.874269,开元路与清华园路交叉口向北200米民安北郡一期西门
2096,山果儿书立,1500,11,93,,,
2626,山果儿折叠款便签本,890,3,93,,,
1874,山果儿学习笔袋（颜色随机）,3800,5,93,,,
4178,山果儿挂钟,5900,2,93,,,
595,山果儿卡套,1990,24,93,,,
2389,山果儿便携随身本-数学公式本,890,94,93,,,
888,山果儿徽章,590,94,93,,,
1668,山果儿趣味卡通U盘（颜色随机）,3990,15,93,,,
2182,山果儿和纸胶带-橙色,790,40,93,,,
136,山果儿书包（颜色随机）,8900,4,93,,,
2701,学生作业本（款式随机）,640,13,93,,,
2468,山果儿便携随身本-英语单词本,890,94,93,,,
681,山果儿卡通钥匙串（颜色随机）,1080,83,93,,,
3525,山果儿文件袋（颜色随机）,390,5,93,,,
2261,山果儿和纸胶带-黄色,790,40,93,,,
3288,山果儿工业风书皮（颜色随机）,380,14,93,,,
2017,三色双线马克笔,1690,20,93,,,
1001,山果儿啦啦棒（颜色随机）,280,19,93,,,
2547,山果儿便携随身本-语文好句本,890,94,93,,,
2354,山果儿和纸胶带-蓝色,790,40,94,113.720887,34.755747,商城路与凤台路交叉口向东20米路北（滨河绿城西50米）
2114,山果儿书立,1500,11,94,,,
2629,山果儿折叠款便签本,890,3,94,,,
1878,山果儿学习笔袋（颜色随机）,3800,5,94,,,
2392,山果儿便携随身本-数学公式本,890,94,94,,,
4185,山果儿挂钟,5900,2,94,,,
613,山果儿卡套,1990,24,94,,,
891,山果儿徽章,590,94,94,,,
140,山果儿书包（颜色随机）,8900,4,94,,,
1680,山果儿趣味卡通U盘（颜色随机）,3990,15,94,,,
2196,山果儿和纸胶带-橙色,790,40,94,,,
2721,学生作业本（款式随机）,640,13,94,,,
2471,山果儿便携随身本-英语单词本,890,94,94,,,
695,山果儿卡通钥匙串（颜色随机）,1080,83,94,,,
3539,山果儿文件袋（颜色随机）,390,5,94,,,
2275,山果儿和纸胶带-黄色,790,40,94,,,
3302,山果儿工业风书皮（颜色随机）,380,14,94,,,
1008,山果儿啦啦棒（颜色随机）,280,19,94,,,
2035,三色双线马克笔,1690,20,94,,,
2550,山果儿便携随身本-语文好句本,890,94,94,,,
4119,山果儿挂钟,5900,2,96,113.708514,34.629516,祥云路与滨湖路交叉口向南300米路西国瑞城小学对面
2362,山果儿和纸胶带-蓝色,790,40,96,,,
2630,山果儿折叠款便签本,890,3,96,,,
2126,山果儿书立,1500,11,96,,,
1879,山果儿学习笔袋（颜色随机）,3800,5,96,,,
2393,山果儿便携随身本-数学公式本,890,94,96,,,
625,山果儿卡套,1990,24,96,,,
892,山果儿徽章,590,94,96,,,
1672,山果儿趣味卡通U盘（颜色随机）,3990,15,96,,,
141,山果儿书包（颜色随机）,8900,4,96,,,
2204,山果儿和纸胶带-橙色,790,40,96,,,
2720,学生作业本（款式随机）,640,13,96,,,
2472,山果儿便携随身本-英语单词本,890,94,96,,,
703,山果儿卡通钥匙串（颜色随机）,1080,83,96,,,
3547,山果儿文件袋（颜色随机）,390,5,96,,,
2283,山果儿和纸胶带-黄色,790,40,96,,,
3310,山果儿工业风书皮（颜色随机）,380,14,96,,,
2551,山果儿便携随身本-语文好句本,890,94,96,,,
1019,山果儿啦啦棒（颜色随机）,280,19,96,,,
2047,三色双线马克笔,1690,20,96,,,
2325,山果儿和纸胶带-蓝色,790,40,99,113.855575,34.585437,航空港区桥航路与凌霜街东北角（桥航路小学向北30米路东）
2083,山果儿书立,1500,11,99,,,
4155,山果儿挂钟,5900,2,99,,,
2622,山果儿折叠款便签本,890,3,99,,,
582,山果儿卡套,1990,24,99,,,
1872,山果儿学习笔袋（颜色随机）,3800,5,99,,,
2385,山果儿便携随身本-数学公式本,890,94,99,,,
884,山果儿徽章,590,94,99,,,
2167,山果儿和纸胶带-橙色,790,40,99,,,
134,山果儿书包（颜色随机）,8900,4,99,,,
2696,学生作业本（款式随机）,640,13,99,,,
666,山果儿卡通钥匙串（颜色随机）,1080,83,99,,,
2464,山果儿便携随身本-英语单词本,890,94,99,,,
3510,山果儿文件袋（颜色随机）,390,5,99,,,
1730,山果儿趣味卡通U盘（颜色随机）,3990,15,99,,,
2246,山果儿和纸胶带-黄色,790,40,99,,,
3273,山果儿工业风书皮（颜色随机）,380,14,99,,,
2004,三色双线马克笔,1690,20,99,,,
987,山果儿啦啦棒（颜色随机）,280,19,99,,,
2543,山果儿便携随身本-语文好句本,890,94,99,,,
2318,山果儿和纸胶带-蓝色,790,40,100,113.711323,34.737923,永顺路与象湖南路交叉口向南50米路东
2079,山果儿书立,1500,11,100,,,
2619,山果儿折叠款便签本,890,3,100,,,
4159,山果儿挂钟,5900,2,100,,,
578,山果儿卡套,1990,24,100,,,
1869,山果儿学习笔袋（颜色随机）,3800,5,100,,,
2382,山果儿便携随身本-数学公式本,890,94,100,,,
2160,山果儿和纸胶带-橙色,790,40,100,,,
881,山果儿徽章,590,94,100,,,
131,山果儿书包（颜色随机）,8900,4,100,,,
2692,学生作业本（款式随机）,640,13,100,,,
659,山果儿卡通钥匙串（颜色随机）,1080,83,100,,,
2461,山果儿便携随身本-英语单词本,890,94,100,,,
3503,山果儿文件袋（颜色随机）,390,5,100,,,
2239,山果儿和纸胶带-黄色,790,40,100,,,
3266,山果儿工业风书皮（颜色随机）,380,14,100,,,
1732,山果儿趣味卡通U盘（颜色随机）,3990,15,100,,,
2000,三色双线马克笔,1690,20,100,,,
983,山果儿啦啦棒（颜色随机）,280,19,100,,,
2540,山果儿便携随身本-语文好句本,890,94,100,,,
2563,山果儿便携随身本-语文好句本,890,94,101,113.878905,34.567878,航空港区巡航路与凌寒街交叉口向东200米路北（领航学校北门东100米）
2062,山果儿书立,1500,11,101,,,
561,山果儿卡套,1990,24,101,,,
4175,山果儿挂钟,5900,2,101,,,
2642,山果儿折叠款便签本,890,3,101,,,
2140,山果儿和纸胶带-橙色,790,40,101,,,
2405,山果儿便携随身本-数学公式本,890,94,101,,,
1897,山果儿学习笔袋（颜色随机）,3800,5,101,,,
639,山果儿卡通钥匙串（颜色随机）,1080,83,101,,,
904,山果儿徽章,590,94,101,,,
3483,山果儿文件袋（颜色随机）,390,5,101,,,
2716,学生作业本（款式随机）,640,13,101,,,
159,山果儿书包（颜色随机）,8900,4,101,,,
2219,山果儿和纸胶带-黄色,790,40,101,,,
3246,山果儿工业风书皮（颜色随机）,380,14,101,,,
1716,山果儿趣味卡通U盘（颜色随机）,3990,15,101,,,
2484,山果儿便携随身本-英语单词本,890,94,101,,,
956,山果儿啦啦棒（颜色随机）,280,19,101,,,
1983,三色双线马克笔,1690,20,101,,,
2298,山果儿和纸胶带-蓝色,790,40,101,,,
2593,山果儿便携随身本-语文好句本,890,94,102,113.665915,34.878854,花园路与迎宾路交叉口向西1500米路北（郑州四中东隔壁）
2338,山果儿和纸胶带-蓝色,790,40,102,,,
4134,山果儿挂钟,5900,2,102,,,
1831,山果儿学习笔袋（颜色随机）,3800,5,102,,,
2121,山果儿书立,1500,11,102,,,
93,山果儿书包（颜色随机）,8900,4,102,,,
620,山果儿卡套,1990,24,102,,,
2672,山果儿折叠款便签本,890,3,102,,,
2435,山果儿便携随身本-数学公式本,890,94,102,,,
2180,山果儿和纸胶带-橙色,790,40,102,,,
1693,山果儿趣味卡通U盘（颜色随机）,3990,15,102,,,
934,山果儿徽章,590,94,102,,,
679,山果儿卡通钥匙串（颜色随机）,1080,83,102,,,
3523,山果儿文件袋（颜色随机）,390,5,102,,,
964,山果儿啦啦棒（颜色随机）,280,19,102,,,
2757,学生作业本（款式随机）,640,13,102,,,
2514,山果儿便携随身本-英语单词本,890,94,102,,,
2259,山果儿和纸胶带-黄色,790,40,102,,,
3286,山果儿工业风书皮（颜色随机）,380,14,102,,,
2042,三色双线马克笔,1690,20,102,,,
2310,山果儿和纸胶带-蓝色,790,40,103,113.769853,34.70412,经开区第15大街与经南八路交叉口向北100米路西（经开一中西侧）
2568,山果儿便携随身本-语文好句本,890,94,103,,,
2073,山果儿书立,1500,11,103,,,
1821,山果儿学习笔袋（颜色随机）,3800,5,103,,,
572,山果儿卡套,1990,24,103,,,
83,山果儿书包（颜色随机）,8900,4,103,,,
2647,山果儿折叠款便签本,890,3,103,,,
4188,山果儿挂钟,5900,2,103,,,
2152,山果儿和纸胶带-橙色,790,40,103,,,
2410,山果儿便携随身本-数学公式本,890,94,103,,,
651,山果儿卡通钥匙串（颜色随机）,1080,83,103,,,
909,山果儿徽章,590,94,103,,,
2719,学生作业本（款式随机）,640,13,103,,,
3495,山果儿文件袋（颜色随机）,390,5,103,,,
2231,山果儿和纸胶带-黄色,790,40,103,,,
2489,山果儿便携随身本-英语单词本,890,94,103,,,
3258,山果儿工业风书皮（颜色随机）,380,14,103,,,
1726,山果儿趣味卡通U盘（颜色随机）,3990,15,103,,,
1994,三色双线马克笔,1690,20,103,,,
974,山果儿啦啦棒（颜色随机）,280,19,103,,,
2560,山果儿便携随身本-语文好句本,890,94,105,113.669309,34.802793,农业路与勤工路交叉口向北50米路西（建业贰号城邦）
1026,山果儿啦啦棒（颜色随机）,280,19,105,,,
2054,三色双线马克笔,1690,20,105,,,
4128,山果儿挂钟,5900,2,105,,,
2372,山果儿和纸胶带-蓝色,790,40,105,,,
2639,山果儿折叠款便签本,890,3,105,,,
2133,山果儿书立,1500,11,105,,,
2402,山果儿便携随身本-数学公式本,890,94,105,,,
1895,山果儿学习笔袋（颜色随机）,3800,5,105,,,
632,山果儿卡套,1990,24,105,,,
901,山果儿徽章,590,94,105,,,
1687,山果儿趣味卡通U盘（颜色随机）,3990,15,105,,,
157,山果儿书包（颜色随机）,8900,4,105,,,
2214,山果儿和纸胶带-橙色,790,40,105,,,
2729,学生作业本（款式随机）,640,13,105,,,
2481,山果儿便携随身本-英语单词本,890,94,105,,,
713,山果儿卡通钥匙串（颜色随机）,1080,83,105,,,
3557,山果儿文件袋（颜色随机）,390,5,105,,,
2293,山果儿和纸胶带-黄色,790,40,105,,,
3320,山果儿工业风书皮（颜色随机）,380,14,105,,,
2308,山果儿和纸胶带-蓝色,790,40,107,113.549278,34.837062,高新区长椿路和莲花街交叉口向北100米谦祥万和城D区13号楼底商（工业大学西门斜对面）
2578,山果儿便携随身本-语文好句本,890,94,107,,,
2071,山果儿书立,1500,11,107,,,
1828,山果儿学习笔袋（颜色随机）,3800,5,107,,,
570,山果儿卡套,1990,24,107,,,
90,山果儿书包（颜色随机）,8900,4,107,,,
4186,山果儿挂钟,5900,2,107,,,
2657,山果儿折叠款便签本,890,3,107,,,
2150,山果儿和纸胶带-橙色,790,40,107,,,
2420,山果儿便携随身本-数学公式本,890,94,107,,,
649,山果儿卡通钥匙串（颜色随机）,1080,83,107,,,
919,山果儿徽章,590,94,107,,,
2712,学生作业本（款式随机）,640,13,107,,,
3493,山果儿文件袋（颜色随机）,390,5,107,,,
2229,山果儿和纸胶带-黄色,790,40,107,,,
3256,山果儿工业风书皮（颜色随机）,380,14,107,,,
1727,山果儿趣味卡通U盘（颜色随机）,3990,15,107,,,
2499,山果儿便携随身本-英语单词本,890,94,107,,,
1992,三色双线马克笔,1690,20,107,,,
971,山果儿啦啦棒（颜色随机）,280,19,107,,,
2305,山果儿和纸胶带-蓝色,790,40,108,113.62982,34.688966,河南省郑州市二七区南彩路
2064,山果儿书立,1500,11,108,,,
2589,山果儿便携随身本-语文好句本,890,94,108,,,
4137,山果儿挂钟,5900,2,108,,,
1839,山果儿学习笔袋（颜色随机）,3800,5,108,,,
563,山果儿卡套,1990,24,108,,,
2147,山果儿和纸胶带-橙色,790,40,108,,,
101,山果儿书包（颜色随机）,8900,4,108,,,
2668,山果儿折叠款便签本,890,3,108,,,
2431,山果儿便携随身本-数学公式本,890,94,108,,,
646,山果儿卡通钥匙串（颜色随机）,1080,83,108,,,
930,山果儿徽章,590,94,108,,,
3490,山果儿文件袋（颜色随机）,390,5,108,,,
2226,山果儿和纸胶带-黄色,790,40,108,,,
1715,山果儿趣味卡通U盘（颜色随机）,3990,15,108,,,
3253,山果儿工业风书皮（颜色随机）,380,14,108,,,
2748,学生作业本（款式随机）,640,13,108,,,
961,山果儿啦啦棒（颜色随机）,280,19,108,,,
1985,三色双线马克笔,1690,20,108,,,
2510,山果儿便携随身本-英语单词本,890,94,108,,,
2319,山果儿和纸胶带-蓝色,790,40,109,113.766535,34.758077,商鼎路与徐庄街交叉口东南50米大哈超市二楼大山外语
2080,山果儿书立,1500,11,109,,,
2620,山果儿折叠款便签本,890,3,109,,,
4160,山果儿挂钟,5900,2,109,,,
579,山果儿卡套,1990,24,109,,,
1870,山果儿学习笔袋（颜色随机）,3800,5,109,,,
2383,山果儿便携随身本-数学公式本,890,94,109,,,
2161,山果儿和纸胶带-橙色,790,40,109,,,
882,山果儿徽章,590,94,109,,,
132,山果儿书包（颜色随机）,8900,4,109,,,
2693,学生作业本（款式随机）,640,13,109,,,
660,山果儿卡通钥匙串（颜色随机）,1080,83,109,,,
2462,山果儿便携随身本-英语单词本,890,94,109,,,
3504,山果儿文件袋（颜色随机）,390,5,109,,,
2240,山果儿和纸胶带-黄色,790,40,109,,,
3267,山果儿工业风书皮（颜色随机）,380,14,109,,,
1733,山果儿趣味卡通U盘（颜色随机）,3990,15,109,,,
2001,三色双线马克笔,1690,20,109,,,
982,山果儿啦啦棒（颜色随机）,280,19,109,,,
2541,山果儿便携随身本-语文好句本,890,94,109,,,
2327,山果儿和纸胶带-蓝色,790,40,110,113.775207,34.797824,平安大道与秋澄街交叉口龙兴嘉园3号院北门
4122,山果儿挂钟,5900,2,110,,,
2085,山果儿书立,1500,11,110,,,
2607,山果儿便携随身本-语文好句本,890,94,110,,,
1854,山果儿学习笔袋（颜色随机）,3800,5,110,,,
584,山果儿卡套,1990,24,110,,,
116,山果儿书包（颜色随机）,8900,4,110,,,
2169,山果儿和纸胶带-橙色,790,40,110,,,
2686,山果儿折叠款便签本,890,3,110,,,
2449,山果儿便携随身本-数学公式本,890,94,110,,,
668,山果儿卡通钥匙串（颜色随机）,1080,83,110,,,
2739,学生作业本（款式随机）,640,13,110,,,
948,山果儿徽章,590,94,110,,,
3512,山果儿文件袋（颜色随机）,390,5,110,,,
1736,山果儿趣味卡通U盘（颜色随机）,3990,15,110,,,
2248,山果儿和纸胶带-黄色,790,40,110,,,
3275,山果儿工业风书皮（颜色随机）,380,14,110,,,
2006,三色双线马克笔,1690,20,110,,,
990,山果儿啦啦棒（颜色随机）,280,19,110,,,
2528,山果儿便携随身本-英语单词本,890,94,110,,,
2061,山果儿书立,1500,11,111,113.70294,34.707988,紫辰路与南三环交叉口向北200米路西（永丰新城东门）
2574,山果儿便携随身本-语文好句本,890,94,111,,,
1825,山果儿学习笔袋（颜色随机）,3800,5,111,,,
4132,山果儿挂钟,5900,2,111,,,
560,山果儿卡套,1990,24,111,,,
87,山果儿书包（颜色随机）,8900,4,111,,,
2138,山果儿和纸胶带-橙色,790,40,111,,,
2653,山果儿折叠款便签本,890,3,111,,,
2416,山果儿便携随身本-数学公式本,890,94,111,,,
637,山果儿卡通钥匙串（颜色随机）,1080,83,111,,,
915,山果儿徽章,590,94,111,,,
3481,山果儿文件袋（颜色随机）,390,5,111,,,
1698,山果儿趣味卡通U盘（颜色随机）,3990,15,111,,,
2217,山果儿和纸胶带-黄色,790,40,111,,,
3244,山果儿工业风书皮（颜色随机）,380,14,111,,,
2745,学生作业本（款式随机）,640,13,111,,,
955,山果儿啦啦棒（颜色随机）,280,19,111,,,
1982,三色双线马克笔,1690,20,111,,,
2495,山果儿便携随身本-英语单词本,890,94,111,,,
2296,山果儿和纸胶带-蓝色,790,40,111,,,
2049,三色双线马克笔,1690,20,113,113.700208,34.756778,东关小学西20米路南（商城路城东路交叉口）
2602,山果儿便携随身本-语文好句本,890,94,113,,,
2347,山果儿和纸胶带-蓝色,790,40,113,,,
1840,山果儿学习笔袋（颜色随机）,3800,5,113,,,
4144,山果儿挂钟,5900,2,113,,,
2128,山果儿书立,1500,11,113,,,
102,山果儿书包（颜色随机）,8900,4,113,,,
627,山果儿卡套,1990,24,113,,,
2681,山果儿折叠款便签本,890,3,113,,,
2444,山果儿便携随身本-数学公式本,890,94,113,,,
2189,山果儿和纸胶带-橙色,790,40,113,,,
1701,山果儿趣味卡通U盘（颜色随机）,3990,15,113,,,
943,山果儿徽章,590,94,113,,,
688,山果儿卡通钥匙串（颜色随机）,1080,83,113,,,
972,山果儿啦啦棒（颜色随机）,280,19,113,,,
2764,学生作业本（款式随机）,640,13,113,,,
3532,山果儿文件袋（颜色随机）,390,5,113,,,
2523,山果儿便携随身本-英语单词本,890,94,113,,,
2268,山果儿和纸胶带-黄色,790,40,113,,,
3295,山果儿工业风书皮（颜色随机）,380,14,113,,,
2048,三色双线马克笔,1690,20,114,113.715395,34.732947,未来路德风街交叉口向东100米路北
4154,山果儿挂钟,5900,2,114,,,
2363,山果儿和纸胶带-蓝色,790,40,114,,,
2621,山果儿折叠款便签本,890,3,114,,,
1871,山果儿学习笔袋（颜色随机）,3800,5,114,,,
2127,山果儿书立,1500,11,114,,,
2384,山果儿便携随身本-数学公式本,890,94,114,,,
626,山果儿卡套,1990,24,114,,,
883,山果儿徽章,590,94,114,,,
133,山果儿书包（颜色随机）,8900,4,114,,,
2694,学生作业本（款式随机）,640,13,114,,,
1686,山果儿趣味卡通U盘（颜色随机）,3990,15,114,,,
2205,山果儿和纸胶带-橙色,790,40,114,,,
2463,山果儿便携随身本-英语单词本,890,94,114,,,
704,山果儿卡通钥匙串（颜色随机）,1080,83,114,,,
3548,山果儿文件袋（颜色随机）,390,5,114,,,
2284,山果儿和纸胶带-黄色,790,40,114,,,
2542,山果儿便携随身本-语文好句本,890,94,114,,,
3311,山果儿工业风书皮（颜色随机）,380,14,114,,,
1020,山果儿啦啦棒（颜色随机）,280,19,114,,,
1024,山果儿啦啦棒（颜色随机）,280,19,115,113.696627,34.702609,河南省郑州市管城回族区贺江路
2052,三色双线马克笔,1690,20,115,,,
2365,山果儿和纸胶带-蓝色,790,40,115,,,
4167,山果儿挂钟,5900,2,115,,,
2632,山果儿折叠款便签本,890,3,115,,,
2131,山果儿书立,1500,11,115,,,
1883,山果儿学习笔袋（颜色随机）,3800,5,115,,,
2395,山果儿便携随身本-数学公式本,890,94,115,,,
630,山果儿卡套,1990,24,115,,,
894,山果儿徽章,590,94,115,,,
2704,学生作业本（款式随机）,640,13,115,,,
145,山果儿书包（颜色随机）,8900,4,115,,,
2207,山果儿和纸胶带-橙色,790,40,115,,,
1696,山果儿趣味卡通U盘（颜色随机）,3990,15,115,,,
2474,山果儿便携随身本-英语单词本,890,94,115,,,
706,山果儿卡通钥匙串（颜色随机）,1080,83,115,,,
3550,山果儿文件袋（颜色随机）,390,5,115,,,
2286,山果儿和纸胶带-黄色,790,40,115,,,
3313,山果儿工业风书皮（颜色随机）,380,14,115,,,
2553,山果儿便携随身本-语文好句本,890,94,115,,,
2053,三色双线马克笔,1690,20,116,113.676081,34.831211,花园路与三全路向西1000米路南（新七中斜对面）
2312,山果儿和纸胶带-蓝色,790,40,116,,,
4131,山果儿挂钟,5900,2,116,,,
2606,山果儿便携随身本-语文好句本,890,94,116,,,
1860,山果儿学习笔袋（颜色随机）,3800,5,116,,,
2132,山果儿书立,1500,11,116,,,
2154,山果儿和纸胶带-橙色,790,40,116,,,
631,山果儿卡套,1990,24,116,,,
122,山果儿书包（颜色随机）,8900,4,116,,,
2685,山果儿折叠款便签本,890,3,116,,,
653,山果儿卡通钥匙串（颜色随机）,1080,83,116,,,
2448,山果儿便携随身本-数学公式本,890,94,116,,,
1688,山果儿趣味卡通U盘（颜色随机）,3990,15,116,,,
3497,山果儿文件袋（颜色随机）,390,5,116,,,
947,山果儿徽章,590,94,116,,,
2233,山果儿和纸胶带-黄色,790,40,116,,,
3260,山果儿工业风书皮（颜色随机）,380,14,116,,,
2765,学生作业本（款式随机）,640,13,116,,,
2527,山果儿便携随身本-英语单词本,890,94,116,,,
999,山果儿啦啦棒（颜色随机）,280,19,116,,,
2330,山果儿和纸胶带-蓝色,790,40,118,113.678648,34.848099,金水区宏康路与香山路交叉口东南角 海亮广场三楼
2088,山果儿书立,1500,11,118,,,
4138,山果儿挂钟,5900,2,118,,,
2608,山果儿便携随身本-语文好句本,890,94,118,,,
1858,山果儿学习笔袋（颜色随机）,3800,5,118,,,
587,山果儿卡套,1990,24,118,,,
120,山果儿书包（颜色随机）,8900,4,118,,,
2172,山果儿和纸胶带-橙色,790,40,118,,,
2687,山果儿折叠款便签本,890,3,118,,,
2450,山果儿便携随身本-数学公式本,890,94,118,,,
671,山果儿卡通钥匙串（颜色随机）,1080,83,118,,,
1708,山果儿趣味卡通U盘（颜色随机）,3990,15,118,,,
949,山果儿徽章,590,94,118,,,
3515,山果儿文件袋（颜色随机）,390,5,118,,,
2758,学生作业本（款式随机）,640,13,118,,,
2251,山果儿和纸胶带-黄色,790,40,118,,,
3278,山果儿工业风书皮（颜色随机）,380,14,118,,,
2009,三色双线马克笔,1690,20,118,,,
992,山果儿啦啦棒（颜色随机）,280,19,118,,,
2529,山果儿便携随身本-英语单词本,890,94,118,,,
2315,山果儿和纸胶带-蓝色,790,40,119,113.746667,34.850498,杨金路与中州大道交叉口向东1500米聚方科技园三楼
2078,山果儿书立,1500,11,119,,,
4156,山果儿挂钟,5900,2,119,,,
2624,山果儿折叠款便签本,890,3,119,,,
577,山果儿卡套,1990,24,119,,,
1873,山果儿学习笔袋（颜色随机）,3800,5,119,,,
2387,山果儿便携随身本-数学公式本,890,94,119,,,
2157,山果儿和纸胶带-橙色,790,40,119,,,
886,山果儿徽章,590,94,119,,,
135,山果儿书包（颜色随机）,8900,4,119,,,
2698,学生作业本（款式随机）,640,13,119,,,
656,山果儿卡通钥匙串（颜色随机）,1080,83,119,,,
2466,山果儿便携随身本-英语单词本,890,94,119,,,
3500,山果儿文件袋（颜色随机）,390,5,119,,,
2236,山果儿和纸胶带-黄色,790,40,119,,,
3263,山果儿工业风书皮（颜色随机）,380,14,119,,,
1734,山果儿趣味卡通U盘（颜色随机）,3990,15,119,,,
1999,三色双线马克笔,1690,20,119,,,
981,山果儿啦啦棒（颜色随机）,280,19,119,,,
2545,山果儿便携随身本-语文好句本,890,94,119,,,
2329,山果儿和纸胶带-蓝色,790,40,120,113.646975,34.721666,人和路与汉江路交叉口向西50米路南
2086,山果儿书立,1500,11,120,,,
2599,山果儿便携随身本-语文好句本,890,94,120,,,
1846,山果儿学习笔袋（颜色随机）,3800,5,120,,,
4165,山果儿挂钟,5900,2,120,,,
585,山果儿卡套,1990,24,120,,,
108,山果儿书包（颜色随机）,8900,4,120,,,
2678,山果儿折叠款便签本,890,3,120,,,
2171,山果儿和纸胶带-橙色,790,40,120,,,
2441,山果儿便携随身本-数学公式本,890,94,120,,,
2707,学生作业本（款式随机）,640,13,120,,,
670,山果儿卡通钥匙串（颜色随机）,1080,83,120,,,
940,山果儿徽章,590,94,120,,,
3514,山果儿文件袋（颜色随机）,390,5,120,,,
2250,山果儿和纸胶带-黄色,790,40,120,,,
1739,山果儿趣味卡通U盘（颜色随机）,3990,15,120,,,
3277,山果儿工业风书皮（颜色随机）,380,14,120,,,
2007,三色双线马克笔,1690,20,120,,,
2520,山果儿便携随身本-英语单词本,890,94,120,,,
991,山果儿啦啦棒（颜色随机）,280,19,120,,,
2311,山果儿和纸胶带-蓝色,790,40,125,113.716771,34.746644,玉凤路青年路交叉口向南100米路西凤凰幸福城购物中心南馆二楼
2072,山果儿书立,1500,11,125,,,
571,山果儿卡套,1990,24,125,,,
2628,山果儿折叠款便签本,890,3,125,,,
1876,山果儿学习笔袋（颜色随机）,3800,5,125,,,
2391,山果儿便携随身本-数学公式本,890,94,125,,,
4184,山果儿挂钟,5900,2,125,,,
2153,山果儿和纸胶带-橙色,790,40,125,,,
890,山果儿徽章,590,94,125,,,
138,山果儿书包（颜色随机）,8900,4,125,,,
652,山果儿卡通钥匙串（颜色随机）,1080,83,125,,,
2718,学生作业本（款式随机）,640,13,125,,,
2470,山果儿便携随身本-英语单词本,890,94,125,,,
3496,山果儿文件袋（颜色随机）,390,5,125,,,
1718,山果儿趣味卡通U盘（颜色随机）,3990,15,125,,,
2232,山果儿和纸胶带-黄色,790,40,125,,,
3259,山果儿工业风书皮（颜色随机）,380,14,125,,,
1993,三色双线马克笔,1690,20,125,,,
973,山果儿啦啦棒（颜色随机）,280,19,125,,,
2549,山果儿便携随身本-语文好句本,890,94,125,,,
4143,山果儿挂钟,5900,2,127,114.04474,34.707174,南四环与大学路交叉口西南角鑫苑鑫家2期北门
2353,山果儿和纸胶带-蓝色,790,40,127,,,
2610,山果儿折叠款便签本,890,3,127,,,
2111,山果儿书立,1500,11,127,,,
1861,山果儿学习笔袋（颜色随机）,3800,5,127,,,
2373,山果儿便携随身本-数学公式本,890,94,127,,,
610,山果儿卡套,1990,24,127,,,
872,山果儿徽章,590,94,127,,,
123,山果儿书包（颜色随机）,8900,4,127,,,
1671,山果儿趣味卡通U盘（颜色随机）,3990,15,127,,,
2195,山果儿和纸胶带-橙色,790,40,127,,,
2452,山果儿便携随身本-英语单词本,890,94,127,,,
694,山果儿卡通钥匙串（颜色随机）,1080,83,127,,,
2760,学生作业本（款式随机）,640,13,127,,,
3538,山果儿文件袋（颜色随机）,390,5,127,,,
2274,山果儿和纸胶带-黄色,790,40,127,,,
2531,山果儿便携随身本-语文好句本,890,94,127,,,
3301,山果儿工业风书皮（颜色随机）,380,14,127,,,
1007,山果儿啦啦棒（颜色随机）,280,19,127,,,
2032,三色双线马克笔,1690,20,127,,,
2345,山果儿和纸胶带-蓝色,790,40,128,113.632724,34.7669,棉纺路百花路交叉口北200米路东（宏江瀚苑西门）
2615,山果儿折叠款便签本,890,3,128,,,
2107,山果儿书立,1500,11,128,,,
1864,山果儿学习笔袋（颜色随机）,3800,5,128,,,
2378,山果儿便携随身本-数学公式本,890,94,128,,,
4187,山果儿挂钟,5900,2,128,,,
606,山果儿卡套,1990,24,128,,,
877,山果儿徽章,590,94,128,,,
126,山果儿书包（颜色随机）,8900,4,128,,,
2187,山果儿和纸胶带-橙色,790,40,128,,,
1677,山果儿趣味卡通U盘（颜色随机）,3990,15,128,,,
2457,山果儿便携随身本-英语单词本,890,94,128,,,
2725,学生作业本（款式随机）,640,13,128,,,
686,山果儿卡通钥匙串（颜色随机）,1080,83,128,,,
3530,山果儿文件袋（颜色随机）,390,5,128,,,
2266,山果儿和纸胶带-黄色,790,40,128,,,
3293,山果儿工业风书皮（颜色随机）,380,14,128,,,
2536,山果儿便携随身本-语文好句本,890,94,128,,,
2028,三色双线马克笔,1690,20,128,,,
1005,山果儿啦啦棒（颜色随机）,280,19,128,,,
2359,山果儿和纸胶带-蓝色,790,40,129,113.534236,34.838788,郑州市高新区西四环与堂门路交叉口向北100米路东（糖果时光小区西门）
4163,山果儿挂钟,5900,2,129,,,
2123,山果儿书立,1500,11,129,,,
2637,山果儿折叠款便签本,890,3,129,,,
2400,山果儿便携随身本-数学公式本,890,94,129,,,
1892,山果儿学习笔袋（颜色随机）,3800,5,129,,,
622,山果儿卡套,1990,24,129,,,
2689,学生作业本（款式随机）,640,13,129,,,
899,山果儿徽章,590,94,129,,,
2201,山果儿和纸胶带-橙色,790,40,129,,,
154,山果儿书包（颜色随机）,8900,4,129,,,
1692,山果儿趣味卡通U盘（颜色随机）,3990,15,129,,,
2479,山果儿便携随身本-英语单词本,890,94,129,,,
700,山果儿卡通钥匙串（颜色随机）,1080,83,129,,,
3544,山果儿文件袋（颜色随机）,390,5,129,,,
2280,山果儿和纸胶带-黄色,790,40,129,,,
3307,山果儿工业风书皮（颜色随机）,380,14,129,,,
1016,山果儿啦啦棒（颜色随机）,280,19,129,,,
2044,三色双线马克笔,1690,20,129,,,
2558,山果儿便携随身本-语文好句本,890,94,129,,,
2569,山果儿便携随身本-语文好句本,890,94,130,113.711054,34.779917,黄河路姚寨路西南角天一大厦3楼
2065,山果儿书立,1500,11,130,,,
1822,山果儿学习笔袋（颜色随机）,3800,5,130,,,
4133,山果儿挂钟,5900,2,130,,,
564,山果儿卡套,1990,24,130,,,
84,山果儿书包（颜色随机）,8900,4,130,,,
2648,山果儿折叠款便签本,890,3,130,,,
2143,山果儿和纸胶带-橙色,790,40,130,,,
2411,山果儿便携随身本-数学公式本,890,94,130,,,
642,山果儿卡通钥匙串（颜色随机）,1080,83,130,,,
910,山果儿徽章,590,94,130,,,
3486,山果儿文件袋（颜色随机）,390,5,130,,,
2222,山果儿和纸胶带-黄色,790,40,130,,,
3249,山果儿工业风书皮（颜色随机）,380,14,130,,,
2490,山果儿便携随身本-英语单词本,890,94,130,,,
1723,山果儿趣味卡通U盘（颜色随机）,3990,15,130,,,
962,山果儿啦啦棒（颜色随机）,280,19,130,,,
1986,三色双线马克笔,1690,20,130,,,
2759,学生作业本（款式随机）,640,13,130,,,
2301,山果儿和纸胶带-蓝色,790,40,130,,,
4196,山果儿趣味卡通U盘（颜色随机）,3990,15,131,113.766535,34.758077,东周路商都路交叉口向西150米路北中茁教育中心一楼大山外语
4198,山果儿学习笔袋（颜色随机）,3800,5,131,,,
4200,三色双线马克笔,1690,20,131,,,
4201,山果儿书立,1500,11,131,,,
4202,山果儿和纸胶带-橙色,790,40,131,,,
4203,山果儿和纸胶带-黄色,790,40,131,,,
4204,山果儿和纸胶带-蓝色,790,40,131,,,
4205,山果儿便携随身本-英语单词本,890,94,131,,,
4206,山果儿便携随身本-数学公式本,890,94,131,,,
4207,山果儿便携随身本-语文好句本,890,94,131,,,
4208,山果儿折叠款便签本,890,3,131,,,
4209,学生作业本（款式随机）,640,13,131,,,
4216,山果儿工业风书皮（颜色随机）,380,14,131,,,
4219,山果儿文件袋（颜色随机）,390,5,131,,,
4227,山果儿挂钟,5900,2,131,,,
4231,山果儿卡套,1990,24,131,,,
4232,山果儿卡通钥匙串（颜色随机）,1080,83,131,,,
4235,山果儿啦啦棒（颜色随机）,280,19,131,,,
4238,山果儿书包（颜色随机）,8900,4,131,,,
4241,山果儿徽章,590,94,131,,,
2307,山果儿和纸胶带-蓝色,790,40,132,113.727573,34.420686,平原新区滨湖大道碧桂园凤凰湾1期南门售楼部西侧
2577,山果儿便携随身本-语文好句本,890,94,132,,,
2075,山果儿书立,1500,11,132,,,
1827,山果儿学习笔袋（颜色随机）,3800,5,132,,,
4146,山果儿挂钟,5900,2,132,,,
574,山果儿卡套,1990,24,132,,,
89,山果儿书包（颜色随机）,8900,4,132,,,
2656,山果儿折叠款便签本,890,3,132,,,
2149,山果儿和纸胶带-橙色,790,40,132,,,
2419,山果儿便携随身本-数学公式本,890,94,132,,,
648,山果儿卡通钥匙串（颜色随机）,1080,83,132,,,
1682,山果儿趣味卡通U盘（颜色随机）,3990,15,132,,,
918,山果儿徽章,590,94,132,,,
3492,山果儿文件袋（颜色随机）,390,5,132,,,
2735,学生作业本（款式随机）,640,13,132,,,
2228,山果儿和纸胶带-黄色,790,40,132,,,
3255,山果儿工业风书皮（颜色随机）,380,14,132,,,
2498,山果儿便携随身本-英语单词本,890,94,132,,,
1996,三色双线马克笔,1690,20,132,,,
977,山果儿啦啦棒（颜色随机）,280,19,132,,,
2059,山果儿书立,1500,11,133,113.562265,34.822735,郑州中原区雪松路西、樊楼路南8号楼2层201-209号商铺
2587,山果儿便携随身本-语文好句本,890,94,133,,,
4130,山果儿挂钟,5900,2,133,,,
1836,山果儿学习笔袋（颜色随机）,3800,5,133,,,
558,山果儿卡套,1990,24,133,,,
2139,山果儿和纸胶带-橙色,790,40,133,,,
98,山果儿书包（颜色随机）,8900,4,133,,,
2666,山果儿折叠款便签本,890,3,133,,,
2429,山果儿便携随身本-数学公式本,890,94,133,,,
638,山果儿卡通钥匙串（颜色随机）,1080,83,133,,,
3482,山果儿文件袋（颜色随机）,390,5,133,,,
928,山果儿徽章,590,94,133,,,
2218,山果儿和纸胶带-黄色,790,40,133,,,
3245,山果儿工业风书皮（颜色随机）,380,14,133,,,
1713,山果儿趣味卡通U盘（颜色随机）,3990,15,133,,,
953,山果儿啦啦棒（颜色随机）,280,19,133,,,
1980,三色双线马克笔,1690,20,133,,,
2754,学生作业本（款式随机）,640,13,133,,,
2508,山果儿便携随身本-英语单词本,890,94,133,,,
2297,山果儿和纸胶带-蓝色,790,40,133,,,
2057,山果儿书立,1500,11,134,113.575663,34.893736,江山路与绿源路交叉口向东50米惠源商务二楼
2586,山果儿便携随身本-语文好句本,890,94,134,,,
1834,山果儿学习笔袋（颜色随机）,3800,5,134,,,
556,山果儿卡套,1990,24,134,,,
4140,山果儿挂钟,5900,2,134,,,
2137,山果儿和纸胶带-橙色,790,40,134,,,
96,山果儿书包（颜色随机）,8900,4,134,,,
2665,山果儿折叠款便签本,890,3,134,,,
636,山果儿卡通钥匙串（颜色随机）,1080,83,134,,,
2428,山果儿便携随身本-数学公式本,890,94,134,,,
3480,山果儿文件袋（颜色随机）,390,5,134,,,
927,山果儿徽章,590,94,134,,,
2216,山果儿和纸胶带-黄色,790,40,134,,,
3243,山果儿工业风书皮（颜色随机）,380,14,134,,,
1709,山果儿趣味卡通U盘（颜色随机）,3990,15,134,,,
951,山果儿啦啦棒（颜色随机）,280,19,134,,,
1978,三色双线马克笔,1690,20,134,,,
2752,学生作业本（款式随机）,640,13,134,,,
2507,山果儿便携随身本-英语单词本,890,94,134,,,
2295,山果儿和纸胶带-蓝色,790,40,134,,,
2331,山果儿和纸胶带-蓝色,790,40,136,113.680329,34.804355,金水区文博东路与东风路交叉口东150米路南三楼
4125,山果儿挂钟,5900,2,136,,,
2084,山果儿书立,1500,11,136,,,
2609,山果儿便携随身本-语文好句本,890,94,136,,,
1859,山果儿学习笔袋（颜色随机）,3800,5,136,,,
583,山果儿卡套,1990,24,136,,,
121,山果儿书包（颜色随机）,8900,4,136,,,
2173,山果儿和纸胶带-橙色,790,40,136,,,
2688,山果儿折叠款便签本,890,3,136,,,
1666,山果儿趣味卡通U盘（颜色随机）,3990,15,136,,,
2451,山果儿便携随身本-数学公式本,890,94,136,,,
673,山果儿卡通钥匙串（颜色随机）,1080,83,136,,,
950,山果儿徽章,590,94,136,,,
3516,山果儿文件袋（颜色随机）,390,5,136,,,
2753,学生作业本（款式随机）,640,13,136,,,
2252,山果儿和纸胶带-黄色,790,40,136,,,
3279,山果儿工业风书皮（颜色随机）,380,14,136,,,
2005,三色双线马克笔,1690,20,136,,,
989,山果儿啦啦棒（颜色随机）,280,19,136,,,
2530,山果儿便携随身本-英语单词本,890,94,136,,,
4356,学生作业本（款式随机）,640,13,137,113.732742,34.618958,新郑市龙湖锦艺城商场2号门肯德基对面 一楼商铺大山外语
4363,山果儿工业风书皮（颜色随机）,380,14,137,,,
4376,山果儿文件袋（颜色随机）,390,5,137,,,
4385,山果儿挂钟,5900,2,137,,,
4388,山果儿书包（颜色随机）,8900,4,137,,,
4397,山果儿徽章,590,94,137,,,
4250,山果儿卡套,1990,24,137,,,
4252,山果儿卡通钥匙串（颜色随机）,1080,83,137,,,
4260,山果儿啦啦棒（颜色随机）,280,19,137,,,
4274,山果儿趣味卡通U盘（颜色随机）,3990,15,137,,,
4281,山果儿学习笔袋（颜色随机）,3800,5,137,,,
4282,三色双线马克笔,1690,20,137,,,
4294,山果儿书立,1500,11,137,,,
4305,山果儿和纸胶带-橙色,790,40,137,,,
4313,山果儿和纸胶带-黄色,790,40,137,,,
4321,山果儿和纸胶带-蓝色,790,40,137,,,
4324,山果儿便携随身本-数学公式本,890,94,137,,,
4332,山果儿便携随身本-英语单词本,890,94,137,,,
4340,山果儿便携随身本-语文好句本,890,94,137,,,
4347,山果儿折叠款便签本,890,3,137,,,
4355,学生作业本（款式随机）,640,13,139,113.724494,34.630263,龙湖外国语小学向东300米路南
4367,山果儿工业风书皮（颜色随机）,380,14,139,,,
4377,山果儿文件袋（颜色随机）,390,5,139,,,
4382,山果儿挂钟,5900,2,139,,,
4392,山果儿书包（颜色随机）,8900,4,139,,,
4399,山果儿徽章,590,94,139,,,
4402,山果儿学习笔袋（颜色随机）,3800,5,139,,,
4249,山果儿卡套,1990,24,139,,,
4255,山果儿卡通钥匙串（颜色随机）,1080,83,139,,,
4263,山果儿啦啦棒（颜色随机）,280,19,139,,,
4272,山果儿趣味卡通U盘（颜色随机）,3990,15,139,,,
4287,三色双线马克笔,1690,20,139,,,
4297,山果儿书立,1500,11,139,,,
4304,山果儿和纸胶带-橙色,790,40,139,,,
4312,山果儿和纸胶带-黄色,790,40,139,,,
4320,山果儿和纸胶带-蓝色,790,40,139,,,
4327,山果儿便携随身本-数学公式本,890,94,139,,,
4335,山果儿便携随身本-英语单词本,890,94,139,,,
4343,山果儿便携随身本-语文好句本,890,94,139,,,
4350,山果儿折叠款便签本,890,3,139,,,
4357,学生作业本（款式随机）,640,13,140,113.716771,34.746644,金水区青年路凤凰幸福城购物中心北馆2楼
4366,山果儿工业风书皮（颜色随机）,380,14,140,,,
4370,山果儿文件袋（颜色随机）,390,5,140,,,
4378,山果儿挂钟,5900,2,140,,,
4391,山果儿书包（颜色随机）,8900,4,140,,,
4398,山果儿徽章,590,94,140,,,
4243,山果儿卡套,1990,24,140,,,
4256,山果儿卡通钥匙串（颜色随机）,1080,83,140,,,
4264,山果儿啦啦棒（颜色随机）,280,19,140,,,
4271,山果儿趣味卡通U盘（颜色随机）,3990,15,140,,,
4275,山果儿学习笔袋（颜色随机）,3800,5,140,,,
4289,三色双线马克笔,1690,20,140,,,
4290,山果儿书立,1500,11,140,,,
4298,山果儿和纸胶带-橙色,790,40,140,,,
4307,山果儿和纸胶带-黄色,790,40,140,,,
4314,山果儿和纸胶带-蓝色,790,40,140,,,
4326,山果儿便携随身本-数学公式本,890,94,140,,,
4334,山果儿便携随身本-英语单词本,890,94,140,,,
4342,山果儿便携随身本-语文好句本,890,94,140,,,
4351,山果儿折叠款便签本,890,3,140,,,
4352,山果儿折叠款便签本,890,3,141,,,
4361,学生作业本（款式随机）,640,13,141,,,
4365,山果儿工业风书皮（颜色随机）,380,14,141,,,
4374,山果儿文件袋（颜色随机）,390,5,141,,,
4381,山果儿挂钟,5900,2,141,,,
4389,山果儿书包（颜色随机）,8900,4,141,,,
4396,山果儿徽章,590,94,141,,,
4246,山果儿卡套,1990,24,141,,,
4257,山果儿卡通钥匙串（颜色随机）,1080,83,141,,,
4265,山果儿啦啦棒（颜色随机）,280,19,141,,,
4267,山果儿趣味卡通U盘（颜色随机）,3990,15,141,,,
4279,山果儿学习笔袋（颜色随机）,3800,5,141,,,
4285,三色双线马克笔,1690,20,141,,,
4291,山果儿书立,1500,11,141,,,
4301,山果儿和纸胶带-橙色,790,40,141,,,
4309,山果儿和纸胶带-黄色,790,40,141,,,
4317,山果儿和纸胶带-蓝色,790,40,141,,,
4325,山果儿便携随身本-数学公式本,890,94,141,,,
4333,山果儿便携随身本-英语单词本,890,94,141,,,
4341,山果儿便携随身本-语文好句本,890,94,141,,,
4358,学生作业本（款式随机）,640,13,142,,,
4368,山果儿工业风书皮（颜色随机）,380,14,142,,,
4371,山果儿文件袋（颜色随机）,390,5,142,,,
4379,山果儿挂钟,5900,2,142,,,
4393,山果儿书包（颜色随机）,8900,4,142,,,
4400,山果儿徽章,590,94,142,,,
4244,山果儿卡套,1990,24,142,,,
4254,山果儿卡通钥匙串（颜色随机）,1080,83,142,,,
4262,山果儿啦啦棒（颜色随机）,280,19,142,,,
4268,山果儿趣味卡通U盘（颜色随机）,3990,15,142,,,
4276,山果儿学习笔袋（颜色随机）,3800,5,142,,,
4288,三色双线马克笔,1690,20,142,,,
4296,山果儿书立,1500,11,142,,,
4299,山果儿和纸胶带-橙色,790,40,142,,,
4306,山果儿和纸胶带-黄色,790,40,142,,,
4315,山果儿和纸胶带-蓝色,790,40,142,,,
4328,山果儿便携随身本-数学公式本,890,94,142,,,
4336,山果儿便携随身本-英语单词本,890,94,142,,,
4344,山果儿便携随身本-语文好句本,890,94,142,,,
4349,山果儿折叠款便签本,890,3,142,,,
4359,学生作业本（款式随机）,640,13,143,,,
4364,山果儿工业风书皮（颜色随机）,380,14,143,,,
4372,山果儿文件袋（颜色随机）,390,5,143,,,
4380,山果儿挂钟,5900,2,143,,,
4387,山果儿书包（颜色随机）,8900,4,143,,,
4395,山果儿徽章,590,94,143,,,
4245,山果儿卡套,1990,24,143,,,
4253,山果儿卡通钥匙串（颜色随机）,1080,83,143,,,
4261,山果儿啦啦棒（颜色随机）,280,19,143,,,
4270,山果儿趣味卡通U盘（颜色随机）,3990,15,143,,,
4277,山果儿学习笔袋（颜色随机）,3800,5,143,,,
4284,三色双线马克笔,1690,20,143,,,
4295,山果儿书立,1500,11,143,,,
4300,山果儿和纸胶带-橙色,790,40,143,,,
4308,山果儿和纸胶带-黄色,790,40,143,,,
4316,山果儿和纸胶带-蓝色,790,40,143,,,
4323,山果儿便携随身本-数学公式本,890,94,143,,,
4331,山果儿便携随身本-英语单词本,890,94,143,,,
4339,山果儿便携随身本-语文好句本,890,94,143,,,
4348,山果儿折叠款便签本,890,3,143,,,
4354,学生作业本（款式随机）,640,13,144,,,
4369,山果儿工业风书皮（颜色随机）,380,14,144,,,
4375,山果儿文件袋（颜色随机）,390,5,144,,,
4383,山果儿挂钟,5900,2,144,,,
4390,山果儿书包（颜色随机）,8900,4,144,,,
4401,山果儿徽章,590,94,144,,,
4248,山果儿卡套,1990,24,144,,,
4251,山果儿卡通钥匙串（颜色随机）,1080,83,144,,,
4259,山果儿啦啦棒（颜色随机）,280,19,144,,,
4269,山果儿趣味卡通U盘（颜色随机）,3990,15,144,,,
4280,山果儿学习笔袋（颜色随机）,3800,5,144,,,
4286,三色双线马克笔,1690,20,144,,,
4293,山果儿书立,1500,11,144,,,
4303,山果儿和纸胶带-橙色,790,40,144,,,
4311,山果儿和纸胶带-黄色,790,40,144,,,
4319,山果儿和纸胶带-蓝色,790,40,144,,,
4329,山果儿便携随身本-数学公式本,890,94,144,,,
4337,山果儿便携随身本-英语单词本,890,94,144,,,
4345,山果儿便携随身本-语文好句本,890,94,144,,,
4346,山果儿折叠款便签本,890,3,144,,,
4353,山果儿折叠款便签本,890,3,145,,,
4360,学生作业本（款式随机）,640,13,145,,,
4362,山果儿工业风书皮（颜色随机）,380,14,145,,,
4373,山果儿文件袋（颜色随机）,390,5,145,,,
4384,山果儿挂钟,5900,2,145,,,
4386,山果儿书包（颜色随机）,8900,4,145,,,
4394,山果儿徽章,590,94,145,,,
4247,山果儿卡套,1990,24,145,,,
4258,山果儿卡通钥匙串（颜色随机）,1080,83,145,,,
4266,山果儿啦啦棒（颜色随机）,280,19,145,,,
4273,山果儿趣味卡通U盘（颜色随机）,3990,15,145,,,
4278,山果儿学习笔袋（颜色随机）,3800,5,145,,,
4283,三色双线马克笔,1690,20,145,,,
4292,山果儿书立,1500,11,145,,,
4302,山果儿和纸胶带-橙色,790,40,145,,,
4310,山果儿和纸胶带-黄色,790,40,145,,,
4318,山果儿和纸胶带-蓝色,790,40,145,,,
4322,山果儿便携随身本-数学公式本,890,94,145,,,
4330,山果儿便携随身本-英语单词本,890,94,145,,,
4338,山果儿便携随身本-语文好句本,890,94,145,,,
